9.59602521173656,0.275010715276003
21.40973497089,0.0869743166863918
3.20368628855795,0.0549533101171255
8.05879162158817,0.163407540544868
7.52748958393931,0.24019386805594
2.22077268455178,0.130156788676977
16.4034158326685,0.0105025773495436
18.2849120702595,0.0605296666175127
12.0527925640345,0.216602201089263
23.7230541538447,0.190366989299655
8.5436951611191,0.038793765231967
4.3971378179267,0.107669878229499
20.6879424108192,0.0100764469057322
7.839958794415,0.308570920750499
27.9180529611185,0.244910176321864
11.326015535742,0.174820265546441
22.8312900969759,0.208130956813693
19.5348696466535,0.0794904634356499
8.06388470716774,0.134462409168482
28.3887593755499,0.31803456440568
27.9180529611185,0.244910176321864
20.6879424108192,0.0100764469057322
21.40973497089,0.0869743166863918
8.5436951611191,0.038793765231967
3.20368628855795,0.0429121117468221
11.6542183221594,0.237946694479099
16.3824969871653,0.0100764469057322
4.68283164654572,0.0549533101171255
16.4034158326685,0.0105025773495436
28.3887593755499,0.31803456440568
12.690513913094,0.174820265546441
26.5027745341258,0.31803456440568
8.5436951611191,0.217629608411355
12.0527925640345,0.0392279196176405
10.7355277521064,0.130156788676977
3.58143311058463,0.216602201089263
23.7047363881371,0.0490587003972599
18.3030601256024,0.205322646645518
9.59602521173656,0.275010715276003
23.7230541538447,0.190366989299655
21.40973497089,0.0478011682039253
23.7230541538447,0.209571039802875
8.5436951611191,0.0560312840749724
18.3030601256024,0.189036564348277
23.5129727151916,0.173018146644813
12.2581441878699,0.0410197321650158
22.8312900969759,0.307778927024545
26.5027745341258,0.217129713260375
12.2041057876632,0.0224410446790685
24.1126296088011,0.244910176321864
23.2696628663749,0.130156788676977
11.1649779050243,0.0490587003972599
24.9974570545539,0.300184665398602
22.0007618880187,0.222057264900034
22.2279152952777,0.244910176321864
16.4034158326685,0.0105025773495436
3.20368628855795,0.0549533101171255
18.2849120702595,0.0369295996438305
28.0881609669608,0.31803456440568
21.682248436204,0.0869743166863918
18.2849120702595,0.112952051940336
10.6958164921192,0.0490587003972599
3.1701665925224,0.0549533101171255
23.7230541538447,0.209571039802875
19.3944385635175,0.190366989299655
22.6315754154934,0.231763558927137
21.40973497089,0.0999775767672455
8.5436951611191,0.0229510736878807
17.4458210884541,0.317603697430893
25.4461400041667,0.0181646509775835
28.5979480188202,0.304538492637012
17.5948298225991,0.217577334400605
29.0934278782022,0.204836498178821
23.7230541538447,0.209571039802875
15.8026242941976,0.0105025773495436
11.1649779050243,0.0956074248676631
27.7569625626586,0.130156788676977
10.8462560362688,0.31803456440568
26.5027745341258,0.324310834567266
23.7230541538447,0.190366989299655
5.03490273761079,0.0560312840749724
23.7230541538447,0.190366989299655
18.3030601256024,0.205322646645518
26.5027745341258,0.251690204977022
3.20368628855795,0.0549533101171255
28.0881609669608,0.31803456440568
16.4034158326685,0.0105025773495436
24.9974570545539,0.300184665398602
24.9974570545539,0.275692049864076
28.5979480188202,0.22952396345145
21.40973497089,0.0999775767672455
21.40973497089,0.0478011682039253
19.247979408721,0.31803456440568
23.6503808979878,0.0105025773495436
3.1701665925224,0.0549533101171255
23.7230541538447,0.190366989299655
3.31890777964843,0.205322646645518
18.4704186627391,0.0549533101171255
16.8027823647171,0.316109669937789
27.5817343777087,0.0195568395560625
28.5979480188202,0.22952396345145
16.4034158326685,0.0105025773495436
24.9974570545539,0.262231601724564
19.247979408721,0.31803456440568
18.3601676488301,0.326591244617798
26.6022979902084,0.0701306198002099
26.561288323918,0.22952396345145
28.5389294182766,0.31803456440568
5.03490273761079,0.0560312840749724
19.247979408721,0.31803456440568
28.5979480188202,0.297275176988604
17.01555223279,0.212284985276406
23.5282503876207,0.257509385838792
26.697341334898,0.184540885408215
8.5436951611191,0.038793765231967
21.40973497089,0.0478011682039253
29.1897769641066,0.316033532132377
17.9587621635167,0.189607734322028
25.8449997059015,0.245552880933176
17.0455400442833,0.0282826248622456
23.5282503876207,0.257509385838792
25.5291757280929,0.0869743166863918
26.5263502162505,0.246910319768992
11.0718851812947,0.054752488238231
17.2770357083382,0.190366989299655
18.3030601256024,0.205322646645518
23.7230541538447,0.148244888339946
21.40973497089,0.0869743166863918
24.4726653278032,0.296803894223717
29.1897769641066,0.306756316926191
28.5979480188202,0.24223214690425
26.5027745341258,0.304667527984984
28.7026659666967,0.318029831182683
23.5950390353951,0.203118108063232
29.1892425160059,0.0598552160884635
21.2703206760295,0.285411249533644
26.5869318233927,0.251690204977022
16.4034158326685,0.0105025773495436
18.3030601256024,0.299962707693276
28.5979480188202,0.20501592819847
16.4034158326685,0.0105025773495436
10.8117614028753,0.205322646645518
25.9787003677609,0.256764329716177
24.0522679070659,0.318342043948016
25.6248637338185,0.253333537989702
18.2431825952442,0.308441032280106
28.5979480188202,0.286889402806549
21.40973497089,0.0478011682039253
21.40973497089,0.0999775767672455
29.1897769641066,0.316033532132377
19.247979408721,0.31803456440568
26.5263502162505,0.246910319768992
19.6898866193775,0.325049248469677
26.7135094877462,0.163583351734916
26.5027745341258,0.251690204977022
16.4034158326685,0.0105025773495436
18.2849120702595,0.0605296666175127
26.1486108631514,0.22952396345145
28.0549779204158,0.179387270748399
18.8724489199175,0.323961679427879
28.2825079765901,0.228344506103237
21.6857018196504,0.0498474675638108
27.22139694179,0.31985337432717
13.0748068495823,0.299962707693276
28.5979480188202,0.297275176988604
18.3030601256024,0.299962707693276
18.3030601256024,0.205322646645518
19.1136841720704,0.31803456440568
24.9309759433627,0.253333537989702
18.9765687079524,0.0337695502746248
25.1221385303578,0.253333537989702
26.5027745341258,0.31803456440568
26.5027745341258,0.328463932228461
26.5027745341258,0.251690204977022
22.2669054443849,0.0809447186371052
26.6883115694992,0.254531758602163
18.2849120702595,0.0605296666175127
23.3781360659488,0.31803456440568
17.4608234037241,0.0434385597534912
28.2612830506945,0.205439230598275
24.4655365077178,0.258266074774265
26.2172314703154,0.292336670499147
16.4034158326685,0.0105025773495436
27.7053153929632,0.253333537989702
18.3030601256024,0.205225936498702
23.5282503876207,0.257605318078797
18.3030601256024,0.29409482918899
27.9236886444473,0.208359743160228
28.3552427687706,0.22952396345145
26.7450687727198,0.282064287752193
18.7734411099891,0.0605296666175127
28.8068058292667,0.22952396345145
26.5314676195017,0.328749168964432
29.5526767121425,0.269285395431338
19.247979408721,0.229353755405206
26.5027745341258,0.320379588427994
19.3781330194804,0.31803456440568
26.3909397106572,0.246910319768992
28.3406589869224,0.246910319768992
26.5234979588233,0.31803456440568
26.906626605315,0.251690204977022
28.1937673933194,0.286889402806549
28.5363420465927,0.231036537687177
18.2547849260887,0.261158925158328
26.5027745341258,0.31803456440568
18.3030601256024,0.205322646645518
28.5979480188202,0.24757217613075
26.5263502162505,0.228862105909299
21.40973497089,0.0681800721752167
28.5979480188202,0.297275176988604
26.7669001762448,0.316033532132377
28.9202850258014,0.31803456440568
26.5263502162505,0.246910319768992
28.0481372934825,0.316033532132377
19.247979408721,0.321875558838887
27.233278124515,0.297275176988604
20.2632354959396,0.251622422752427
16.0423070937979,0.0283107112298493
18.2849120702595,0.0590334851918872
26.5027745341258,0.251690204977022
26.5033398366399,0.251606553852604
26.5257849137363,0.24699397089328
28.0840473151806,0.288767174824648
25.7340786994213,0.251453675598056
25.6248637338185,0.253822106560632
29.2945227283967,0.317130908471598
24.5714641400049,0.251690204977022
21.40973497089,0.0681800721752167
28.1937673933194,0.112444518515392
21.40973497089,0.270504794490753
26.5263502162505,0.246910319768992
28.5979480188202,0.297275176988604
26.5263502162505,0.246910319768992
18.3030601256024,0.205322646645518
18.2547849260887,0.261158925158328
26.5263502162505,0.246910319768992
28.5979480188202,0.329843543498551
29.1897769641066,0.292496799110578
18.6431558527988,0.245871376086737
26.8204090600257,0.326420038318619
18.3030601256024,0.26361579274121
18.2547849260887,0.20286241454864
26.7078073779879,0.246910319768992
25.7340786994213,0.310890551658706
21.7949591605887,0.0721512883146014
29.4743279679194,0.297275176988604
28.1937673933194,0.287802979288338
26.5027745341258,0.270341523548412
18.9676822443654,0.0454412151665233
26.4338250489794,0.225142827900026
18.2547849260887,0.261158925158328
28.5979480188202,0.297275176988604
18.778306337419,0.299962707693276
29.1897769641066,0.316033532132377
25.8699508703493,0.205193436604227
29.148276954882,0.329759605580442
28.3373010061891,0.286889402806549
25.5890809385898,0.251453675598056
18.3030601256024,0.205322646645518
21.40973497089,0.14768120560928
18.3030601256024,0.205322646645518
18.3030601256024,0.156416129740016
26.5263502162505,0.246910319768992
29.1897769641066,0.316033532132377
28.2561759940234,0.288992729194138
28.5355393715818,0.317563974904075
28.354358297615,0.21051330169104
18.0335734239187,0.281659571743161
19.9250965930877,0.22952396345145
29.5158040086588,0.0869743166863918
27.4923475184105,0.213903489811114
19.3233796108817,0.288569577279753
21.2190842306354,0.0478011682039253
29.1897769641066,0.324172918661315
20.1591483626236,0.0331772213657976
25.358534555815,0.276000647086494
24.1262386696213,0.311992437881004
28.8522126356712,0.257297629137027
26.5027745341258,0.31803456440568
24.9243198259579,0.257509385838792
23.5282503876207,0.257509385838792
28.354358297615,0.21051330169104
28.5979480188202,0.297275176988604
28.1937673933194,0.286889402806549
27.6966129386868,0.246910319768992
17.0368849151213,0.211626302862609
18.3030601256024,0.206781733809548
28.3373010061891,0.285387032381443
19.4952521977376,0.297275176988604
29.8463367366381,0.205322646645518
25.7180857517136,0.270477849435927
28.6116689914929,0.251453675598056
18.3030601256024,0.0870221888484285
21.40973497089,0.260166206878316
26.5263502162505,0.246910319768992
29.1897769641066,0.316033532132377
28.3373010061891,0.286889402806549
28.7129830317268,0.286889402806549
26.2996636154262,0.250207937713246
28.5797578849014,0.177182424363695
28.1937673933194,0.286889402806549
28.5979480188202,0.297275176988604
28.1937673933194,0.286889402806549
22.3069566444594,0.31803456440568
18.3030601256024,0.205322646645518
19.9250965930877,0.22952396345145
16.7359684078635,0.205322646645518
24.7365352924638,0.251453675598056
23.7528432023177,0.244141254776163
29.9960302813318,0.326180214875046
26.5263502162505,0.229651569895013
29.1897769641066,0.326203037826386
25.9346942526826,0.212408180263937
28.3956190941036,0.251453675598056
26.4497149510844,0.258067061796937
23.6047966836911,0.246352643681902
29.1897769641066,0.316033532132377
18.3030601256024,0.226551668763126
29.1897769641066,0.201372083161599
16.3836841442666,0.296225332728636
