"Model","participant_id","ELPD"
"Guided
(sigma=e^-0.5)","ACMO_06011994",31.026692136312
"Q-Learning","ACMO_06011994",25.1267318611138
"Unconstrained
(Flat Prior)","ACMO_06011994",34.1181782822585
"WSLS","ACMO_06011994",24.4767078642002
"Zero-Shot
(sigma=e^-1.5)","ACMO_06011994",31.213610860003
"Guided
(sigma=e^-0.5)","B_FE_24011989",29.2430929339859
"Q-Learning","B_FE_24011989",24.7330246934115
"Unconstrained
(Flat Prior)","B_FE_24011989",31.969856619083
"WSLS","B_FE_24011989",23.7859656350566
"Zero-Shot
(sigma=e^-1.5)","B_FE_24011989",28.3801155397942
"Guided
(sigma=e^-0.5)","CACV_10101997",38.8842534566471
"Q-Learning","CACV_10101997",25.3929964532918
"Unconstrained
(Flat Prior)","CACV_10101997",39.9312137767132
"WSLS","CACV_10101997",24.773392094006
"Zero-Shot
(sigma=e^-1.5)","CACV_10101997",37.9475387388818
"Guided
(sigma=e^-0.5)","CAMS_24101973",31.8861628890839
"Q-Learning","CAMS_24101973",26.552385341843
"Unconstrained
(Flat Prior)","CAMS_24101973",34.9939189055812
"WSLS","CAMS_24101973",25.7265108711318
"Zero-Shot
(sigma=e^-1.5)","CAMS_24101973",31.2266695850565
"Guided
(sigma=e^-0.5)","CAPG_26101990",28.4773866804044
"Q-Learning","CAPG_26101990",25.3911897348303
"Unconstrained
(Flat Prior)","CAPG_26101990",31.4059957950259
"WSLS","CAPG_26101990",24.8529789011706
"Zero-Shot
(sigma=e^-1.5)","CAPG_26101990",27.9482096192021
"Guided
(sigma=e^-0.5)","CARM_09091978",32.9012565040312
"Q-Learning","CARM_09091978",26.0198183393001
"Unconstrained
(Flat Prior)","CARM_09091978",36.7991952804185
"WSLS","CARM_09091978",24.1264726649411
"Zero-Shot
(sigma=e^-1.5)","CARM_09091978",31.092198999382
"Guided
(sigma=e^-0.5)","CARM_14011974",27.01693786209
"Q-Learning","CARM_14011974",17.0765314368372
"Unconstrained
(Flat Prior)","CARM_14011974",29.3246375389095
"WSLS","CARM_14011974",18.7002414826378
"Zero-Shot
(sigma=e^-1.5)","CARM_14011974",25.6416164175034
"Guided
(sigma=e^-0.5)","CECC_06081986",30.660097084393
"Q-Learning","CECC_06081986",22.6059707174477
"Unconstrained
(Flat Prior)","CECC_06081986",34.620544345351
"WSLS","CECC_06081986",23.68570901112
"Zero-Shot
(sigma=e^-1.5)","CECC_06081986",30.4206609031356
"Guided
(sigma=e^-0.5)","CEZM_26121994",28.6579704738076
"Q-Learning","CEZM_26121994",25.4727441597508
"Unconstrained
(Flat Prior)","CEZM_26121994",31.7845764321075
"WSLS","CEZM_26121994",23.1097964450439
"Zero-Shot
(sigma=e^-1.5)","CEZM_26121994",27.2832499141332
"Guided
(sigma=e^-0.5)","CFOI_23101987",31.8984085938277
"Q-Learning","CFOI_23101987",24.6938293547319
"Unconstrained
(Flat Prior)","CFOI_23101987",35.3205495210211
"WSLS","CFOI_23101987",23.1040260129682
"Zero-Shot
(sigma=e^-1.5)","CFOI_23101987",29.8347841124718
"Guided
(sigma=e^-0.5)","CMLL_11051985",32.9325910109938
"Q-Learning","CMLL_11051985",31.3373348003498
"Unconstrained
(Flat Prior)","CMLL_11051985",35.8766785150656
"WSLS","CMLL_11051985",30.6762947417472
"Zero-Shot
(sigma=e^-1.5)","CMLL_11051985",33.1244001705542
"Guided
(sigma=e^-0.5)","COGC_18022000",35.9448990134804
"Q-Learning","COGC_18022000",28.764921396912
"Unconstrained
(Flat Prior)","COGC_18022000",37.7518931270549
"WSLS","COGC_18022000",28.6058173469708
"Zero-Shot
(sigma=e^-1.5)","COGC_18022000",35.6470290192366
"Guided
(sigma=e^-0.5)","CPGL_30041994",37.9665943502165
"Q-Learning","CPGL_30041994",27.1978246180268
"Unconstrained
(Flat Prior)","CPGL_30041994",41.0191481775882
"WSLS","CPGL_30041994",37.4427354057662
"Zero-Shot
(sigma=e^-1.5)","CPGL_30041994",36.4842234851178
"Guided
(sigma=e^-0.5)","CVVS_11061986",36.4189016300286
"Q-Learning","CVVS_11061986",25.5620618675216
"Unconstrained
(Flat Prior)","CVVS_11061986",39.3303766223944
"WSLS","CVVS_11061986",26.6627270326796
"Zero-Shot
(sigma=e^-1.5)","CVVS_11061986",33.6504428740601
"Guided
(sigma=e^-0.5)","DACA_13031990",26.3438006833709
"Q-Learning","DACA_13031990",24.9673246252147
"Unconstrained
(Flat Prior)","DACA_13031990",30.5871590313271
"WSLS","DACA_13031990",21.9998115907762
"Zero-Shot
(sigma=e^-1.5)","DACA_13031990",26.0515420611298
"Guided
(sigma=e^-0.5)","DARA_28021991",34.9128560449217
"Q-Learning","DARA_28021991",27.6936367871818
"Unconstrained
(Flat Prior)","DARA_28021991",38.2635177431275
"WSLS","DARA_28021991",27.1471752162985
"Zero-Shot
(sigma=e^-1.5)","DARA_28021991",34.1049650324085
"Guided
(sigma=e^-0.5)","DJGC_05081982",34.1668430737318
"Q-Learning","DJGC_05081982",28.8070729959322
"Unconstrained
(Flat Prior)","DJGC_05081982",38.114856761186
"WSLS","DJGC_05081982",25.6213551187111
"Zero-Shot
(sigma=e^-1.5)","DJGC_05081982",33.6759052336054
"Guided
(sigma=e^-0.5)","D_BF_14021989",35.3559001594833
"Q-Learning","D_BF_14021989",24.6320358571444
"Unconstrained
(Flat Prior)","D_BF_14021989",38.4153991483877
"WSLS","D_BF_14021989",26.9136785412791
"Zero-Shot
(sigma=e^-1.5)","D_BF_14021989",34.9936185974782
"Guided
(sigma=e^-0.5)","D_OD_06071998",27.4548840137153
"Q-Learning","D_OD_06071998",22.592076958766
"Unconstrained
(Flat Prior)","D_OD_06071998",30.9708613369131
"WSLS","D_OD_06071998",22.2612073465844
"Zero-Shot
(sigma=e^-1.5)","D_OD_06071998",26.5027422296188
"Guided
(sigma=e^-0.5)","D_TB_12031991",38.5746154452264
"Q-Learning","D_TB_12031991",24.2796339030089
"Unconstrained
(Flat Prior)","D_TB_12031991",41.0208286014908
"WSLS","D_TB_12031991",24.4063482609811
"Zero-Shot
(sigma=e^-1.5)","D_TB_12031991",37.1138338204686
"Guided
(sigma=e^-0.5)","EFHB_26121994",27.5319691546066
"Q-Learning","EFHB_26121994",24.0851937979006
"Unconstrained
(Flat Prior)","EFHB_26121994",30.9346148072539
"WSLS","EFHB_26121994",22.9751736010077
"Zero-Shot
(sigma=e^-1.5)","EFHB_26121994",27.5956039165787
"Guided
(sigma=e^-0.5)","ELFN_09021961",26.0956869354684
"Q-Learning","ELFN_09021961",26.3044516878849
"Unconstrained
(Flat Prior)","ELFN_09021961",28.1351549899925
"WSLS","ELFN_09021961",24.2546335997047
"Zero-Shot
(sigma=e^-1.5)","ELFN_09021961",26.1069880735338
"Guided
(sigma=e^-0.5)","FABN_19111984",32.2007349028851
"Q-Learning","FABN_19111984",24.8241955340835
"Unconstrained
(Flat Prior)","FABN_19111984",35.8645182281869
"WSLS","FABN_19111984",24.6167895054227
"Zero-Shot
(sigma=e^-1.5)","FABN_19111984",32.0263254230037
"Guided
(sigma=e^-0.5)","FAPN_12111974",-9.52968715255279
"Q-Learning","FAPN_12111974",-3.57100080325303
"Unconstrained
(Flat Prior)","FAPN_12111974",-2.48342667062442
"WSLS","FAPN_12111974",-18.6680427557708
"Zero-Shot
(sigma=e^-1.5)","FAPN_12111974",-13.3643895362095
"Guided
(sigma=e^-0.5)","FATA_15011989",36.2344214822263
"Q-Learning","FATA_15011989",36.5542567244946
"Unconstrained
(Flat Prior)","FATA_15011989",38.3694546083297
"WSLS","FATA_15011989",44.6758185983146
"Zero-Shot
(sigma=e^-1.5)","FATA_15011989",36.0996354987032
"Guided
(sigma=e^-0.5)","FJAM_10012001",38.225133473603
"Q-Learning","FJAM_10012001",28.633866288371
"Unconstrained
(Flat Prior)","FJAM_10012001",41.9648302583347
"WSLS","FJAM_10012001",27.8612349231768
"Zero-Shot
(sigma=e^-1.5)","FJAM_10012001",36.1003004677407
"Guided
(sigma=e^-0.5)","FLFS_08081990",33.6533937693916
"Q-Learning","FLFS_08081990",25.9738817238523
"Unconstrained
(Flat Prior)","FLFS_08081990",36.2860723013355
"WSLS","FLFS_08081990",25.7236724112095
"Zero-Shot
(sigma=e^-1.5)","FLFS_08081990",33.0933851948519
"Guided
(sigma=e^-0.5)","GAQJ_21061987",9.68652615663088
"Q-Learning","GAQJ_21061987",2.80168580889722
"Unconstrained
(Flat Prior)","GAQJ_21061987",15.5278737994224
"WSLS","GAQJ_21061987",-0.919461927332188
"Zero-Shot
(sigma=e^-1.5)","GAQJ_21061987",9.43375587907136
"Guided
(sigma=e^-0.5)","GRCN_21111979",32.1379966828943
"Q-Learning","GRCN_21111979",27.4020983000718
"Unconstrained
(Flat Prior)","GRCN_21111979",36.5093780553418
"WSLS","GRCN_21111979",27.8204805743534
"Zero-Shot
(sigma=e^-1.5)","GRCN_21111979",31.5414524917193
"Guided
(sigma=e^-0.5)","JAPV_03111995",33.0075432687723
"Q-Learning","JAPV_03111995",25.350243487646
"Unconstrained
(Flat Prior)","JAPV_03111995",35.7526884626811
"WSLS","JAPV_03111995",24.665990006258
"Zero-Shot
(sigma=e^-1.5)","JAPV_03111995",32.6492601841831
"Guided
(sigma=e^-0.5)","JLFB_27121987",36.3714194437749
"Q-Learning","JLFB_27121987",24.7691271079167
"Unconstrained
(Flat Prior)","JLFB_27121987",40.6539818813687
"WSLS","JLFB_27121987",25.779462056974
"Zero-Shot
(sigma=e^-1.5)","JLFB_27121987",34.3134858511218
"Guided
(sigma=e^-0.5)","JMRR_10111976",34.6561644908379
"Q-Learning","JMRR_10111976",27.6549075052262
"Unconstrained
(Flat Prior)","JMRR_10111976",38.2774140291722
"WSLS","JMRR_10111976",27.4052005205809
"Zero-Shot
(sigma=e^-1.5)","JMRR_10111976",34.3405098752251
"Guided
(sigma=e^-0.5)","J_BF_06111999",33.9465596981836
"Q-Learning","J_BF_06111999",27.5230875788186
"Unconstrained
(Flat Prior)","J_BF_06111999",36.4938617500482
"WSLS","J_BF_06111999",28.3623468324581
"Zero-Shot
(sigma=e^-1.5)","J_BF_06111999",34.1225024594955
"Guided
(sigma=e^-0.5)","KECT_07071995",32.112145275579
"Q-Learning","KECT_07071995",27.6241726105997
"Unconstrained
(Flat Prior)","KECT_07071995",35.3187626606735
"WSLS","KECT_07071995",25.568378042856
"Zero-Shot
(sigma=e^-1.5)","KECT_07071995",31.9386885112304
"Guided
(sigma=e^-0.5)","KFMR_08011976",21.5177785472296
"Q-Learning","KFMR_08011976",21.1577630494131
"Unconstrained
(Flat Prior)","KFMR_08011976",25.810088655543
"WSLS","KFMR_08011976",18.5634568055428
"Zero-Shot
(sigma=e^-1.5)","KFMR_08011976",20.8204762021253
"Guided
(sigma=e^-0.5)","KXMS_13061971",32.5831472425917
"Q-Learning","KXMS_13061971",24.7241823443647
"Unconstrained
(Flat Prior)","KXMS_13061971",36.2583386244353
"WSLS","KXMS_13061971",21.9458692303993
"Zero-Shot
(sigma=e^-1.5)","KXMS_13061971",31.868962435216
"Guided
(sigma=e^-0.5)","K_BA_22111991",22.9919055387713
"Q-Learning","K_BA_22111991",23.0909631464173
"Unconstrained
(Flat Prior)","K_BA_22111991",26.7877605654919
"WSLS","K_BA_22111991",18.4127144598629
"Zero-Shot
(sigma=e^-1.5)","K_BA_22111991",22.1759283616994
"Guided
(sigma=e^-0.5)","MAAO_15081988",36.7060845860459
"Q-Learning","MAAO_15081988",25.4384679746892
"Unconstrained
(Flat Prior)","MAAO_15081988",40.0345093903734
"WSLS","MAAO_15081988",29.7086531262525
"Zero-Shot
(sigma=e^-1.5)","MAAO_15081988",35.6796983051419
"Guided
(sigma=e^-0.5)","MACT_10071998",30.3229253246265
"Q-Learning","MACT_10071998",26.2381799080128
"Unconstrained
(Flat Prior)","MACT_10071998",34.1206266682319
"WSLS","MACT_10071998",25.4775188908555
"Zero-Shot
(sigma=e^-1.5)","MACT_10071998",30.3611958143117
"Guided
(sigma=e^-0.5)","MDTR_16071990",34.3281332478388
"Q-Learning","MDTR_16071990",24.5987929289065
"Unconstrained
(Flat Prior)","MDTR_16071990",37.6158783845474
"WSLS","MDTR_16071990",23.2799392603848
"Zero-Shot
(sigma=e^-1.5)","MDTR_16071990",32.4749763364568
"Guided
(sigma=e^-0.5)","MFMG_01101991",32.9333106816872
"Q-Learning","MFMG_01101991",25.0569794924715
"Unconstrained
(Flat Prior)","MFMG_01101991",35.7973696359075
"WSLS","MFMG_01101991",23.1858957275546
"Zero-Shot
(sigma=e^-1.5)","MFMG_01101991",32.5840139273637
"Guided
(sigma=e^-0.5)","MFSM_02021973",26.0246120308472
"Q-Learning","MFSM_02021973",23.7096673447313
"Unconstrained
(Flat Prior)","MFSM_02021973",30.2229618444924
"WSLS","MFSM_02021973",27.5051163265327
"Zero-Shot
(sigma=e^-1.5)","MFSM_02021973",25.9173488584264
"Guided
(sigma=e^-0.5)","MJLV_09041981",33.2091514633725
"Q-Learning","MJLV_09041981",26.0964799299717
"Unconstrained
(Flat Prior)","MJLV_09041981",35.2184492067716
"WSLS","MJLV_09041981",25.8039322223047
"Zero-Shot
(sigma=e^-1.5)","MJLV_09041981",33.3015783386606
"Guided
(sigma=e^-0.5)","N_LS_15111975",34.8228568958694
"Q-Learning","N_LS_15111975",27.3316086280386
"Unconstrained
(Flat Prior)","N_LS_15111975",37.8711127707744
"WSLS","N_LS_15111975",27.4547242097465
"Zero-Shot
(sigma=e^-1.5)","N_LS_15111975",34.5147944838081
"Guided
(sigma=e^-0.5)","PGTR_30081986",29.7486261324638
"Q-Learning","PGTR_30081986",25.9379519821346
"Unconstrained
(Flat Prior)","PGTR_30081986",32.2717370359737
"WSLS","PGTR_30081986",26.3402106383217
"Zero-Shot
(sigma=e^-1.5)","PGTR_30081986",29.6466737261467
"Guided
(sigma=e^-0.5)","PMRF_18051979",34.4318881995662
"Q-Learning","PMRF_18051979",26.7984881398365
"Unconstrained
(Flat Prior)","PMRF_18051979",37.5900083424922
"WSLS","PMRF_18051979",24.5773796761166
"Zero-Shot
(sigma=e^-1.5)","PMRF_18051979",33.3472846981776
"Guided
(sigma=e^-0.5)","PSAV_10041994",39.3533137673497
"Q-Learning","PSAV_10041994",28.7044516264886
"Unconstrained
(Flat Prior)","PSAV_10041994",42.3296091935166
"WSLS","PSAV_10041994",29.6357407141157
"Zero-Shot
(sigma=e^-1.5)","PSAV_10041994",38.8470527602755
"Guided
(sigma=e^-0.5)","S_NW_07031996",35.0830690694129
"Q-Learning","S_NW_07031996",25.6940051931009
"Unconstrained
(Flat Prior)","S_NW_07031996",37.77849238302
"WSLS","S_NW_07031996",26.98286500938
"Zero-Shot
(sigma=e^-1.5)","S_NW_07031996",34.082268667834
"Guided
(sigma=e^-0.5)","VCCA_28091993",25.3826703360418
"Q-Learning","VCCA_28091993",20.701750879782
"Unconstrained
(Flat Prior)","VCCA_28091993",28.2183902929471
"WSLS","VCCA_28091993",16.6710671766757
"Zero-Shot
(sigma=e^-1.5)","VCCA_28091993",25.4992313634221
"Guided
(sigma=e^-0.5)","VJMR_06111984",32.1255411839486
"Q-Learning","VJMR_06111984",27.2013075180685
"Unconstrained
(Flat Prior)","VJMR_06111984",34.8509119981349
"WSLS","VJMR_06111984",28.9290128666228
"Zero-Shot
(sigma=e^-1.5)","VJMR_06111984",31.9591861736838
