0.195990353580564,0.0155138236365747,68,0.386919772725678,0.394794542955794
0.945273122270592,0.147518296842463,73,0.393134202082652,0.515674587433035
0.16632615609793,0.180155124623328,264,0.37788450388707,3.74500512669899e-29
0.766862681077328,0.312183115140535,73,0.377307319097934,0.268536049687249
0.727252623992972,0.451913628043374,248,0.388777722902613,0.0162885246983353
0.540403677097056,0.00213421007641591,250,0.78501872791345,0.776458769775418
0.593781520535704,0.360108988886001,168,0.379208556585507,0.0230062429428157
0.339741263585165,0.258016601586482,302,0.380169232443398,3.8645194366879e-29
0.778065129010938,0.282259773939149,106,0.384234566554092,0.35842478404399
0.736192679961678,0.40879799175635,81,0.374900784774011,0.0292029915272518
0.540432093886193,0.269150970960967,17,0.373452251645716,0.0203432263954395
0.224401637860574,0.195083569297101,378,0.375300493759891,3.70824105715443e-29
0.363154779362958,0.205906927785836,236,0.374135518055777,0.0079226830876916
0.248139292248525,0.0224514092139434,70,0.372106604777581,0.391274208184981
0.962981933630072,0.370187784328125,298,0.372923649917765,0.422360145734062
0.400496591797564,0.339617841090309,314,0.372166173089254,4.00009455292367e-29
0.0990807111863978,0.0437204203980509,133,0.36907582532219,0.0551447228222207
0.622967647642363,0.313496426917147,99,0.38663651200605,0.0602626161097599
0.670752249525394,0.00111920939362608,96,0.371088463840844,0.424859471850874
0.838433543837164,0.376009758786997,190,0.373010011526405,0.235321459775972
0.224221560906153,0.240219883537153,92,0.377005946375909,4.34193564483931e-29
0.519263631226495,0.00178370655444451,239,0.615325584297214,0.813586797407626
0.278573748557828,0.414251084133517,282,0.371279374118351,3.52112347248091e-29
0.362109294291586,0.306454411985585,334,0.380226660518688,4.10808341401197e-29
0.920011889846064,0.481322576493258,106,0.380164860027391,0.14749273328886
0.584022690069396,0.410880558031145,60,0.376913837438875,0.00215108012061159
0.0894618219160475,0.232570706109982,315,0.380471589892783,3.97894902065503e-29
0.722162279298063,0.004934484628262,160,0.479886850531978,0.44437456894642
0.72218480536947,0.162718890288146,315,0.383481724851123,0.654265392953061
0.635192225920036,0.468755538977683,343,0.373945212181046,0.00358084877833719
0.933703786071856,0.462896729557076,298,0.37029738073634,0.165377772363726
0.683362536353525,0.467476653932128,227,0.377775073680838,3.99305910028824e-29
0.536884427600735,0.158601330676496,73,0.375255224944489,0.287042676487985
0.920223473048587,0.146781725480354,74,0.375004820555166,0.565807014990012
0.635192225920036,0.468755538977683,343,0.378499532007708,0.0119629472558125
0.736192679961678,0.00403964007615811,166,1.53315803499135,0.607653736836375
0.635324340050588,0.498289727833949,227,0.37501972060948,2.41701005035671e-07
0.670752249525394,0.00111920939362608,55,0.378575895835749,0.351540734380565
0.962981933630072,0.370187784328125,298,0.382110689316016,0.555323147077461
0.427278572342724,0.467476653932128,227,0.377130708350166,3.83829781552961e-29
0.710430491543008,0.451913628043374,247,0.379495431079493,0.0227414408850133
0.540403677097056,0.00213421007641591,156,0.499317056773359,0.607140374515927
0.929027897439264,0.368894003763957,298,0.382863971712327,0.435858663885047
0.933703786071856,0.475238073808609,298,0.386543596816742,0.24294406040077
0.656575652562127,0.336480352062003,314,0.379065921324143,0.26303385251166
0.722162279298063,0.461494791044318,63,0.374292017946433,0.00589926327038853
0.838433543837164,0.361320318426223,168,0.378124355706408,0.224865390577927
0.0677501164860308,0.00574497253836234,123,0.385249211226931,0.49452403678664
0.747990213716898,0.469612139448767,190,0.375439049120202,0.00428063243355168
0.944195294483429,0.258070236678655,17,0.379162820340113,0.218496550670735
0.496592269488374,0.37479842921995,189,0.371925511933817,3.69963957092262e-29
0.722162279298063,0.00145163565679706,160,0.512644798021539,0.71694156726078
0.0990807111863978,0.0437204203980509,83,0.383565772780201,0.0646332996569679
0.286616952279017,0.218974203802698,242,0.369984848128702,0.00145550257002633
0.946725775423549,0.451649896808091,178,0.370362385318925,0.207677475489489
0.261581395243449,0.0240983124614465,69,0.379651896426315,0.400376461288371
0.855754417479577,0.498483148888372,108,0.38388700195827,0.0741876280695525
0.666934166559168,0.0014074910183987,374,0.436117111174621,0.922271433107269
0.138979015046139,0.00229456351719765,131,0.454335795973926,0.493792762516168
0.736192679961678,0.40879799175635,131,0.37588403176829,0.0964987759791906
0.400496591797564,0.339617841090309,314,0.389440187105281,0.00306262672645812
0.683230421979133,0.467520192326342,343,0.376603634118114,0.0171657137412247
0.224401637860574,0.195083569297101,378,0.376967855221642,3.46072086060873e-29
0.920011889846064,0.481322576493258,169,0.376662445087847,0.131306644409151
0.536884427600735,0.158601330676496,73,0.373413335054484,0.299579572221276
0.724189891832707,0.286906295891653,137,0.383027538269102,0.373875376224318
0.962981933630072,0.370187784328125,298,0.387693748369968,0.356925875175453
0.0148558839328671,0.00286401960939461,156,0.36609012759481,0.428226438119453
0.0563753460014974,0.176548158907818,74,0.373278558939423,4.55816096029958e-29
0.666934166559168,0.0014074910183987,374,0.471550905082353,0.910242162413174
0.72218480536947,0.152244593764042,272,0.374383731517647,0.700839508436794
0.540403677097056,0.00213421007641591,248,0.478785514564588,0.765892623698114
0.286616952279017,0.206012887907051,242,0.386625541076783,3.21825971957695e-29
0.838433543837164,0.376009758786997,190,0.38037286575357,0.29660520035049
0.920011889846064,0.483928074960419,169,0.375091499073158,0.165279361329515
0.763751464334266,0.0448304558715214,133,0.372830238504217,0.47806025938029
0.962981933630072,0.331648371771937,43,0.373789447061044,0.163401009363097
0.0990807111863978,0.0437204203980509,133,0.375352731802132,0.0349346429769335
0.933703786071856,0.462896729557076,298,0.370697419167594,0.243540875825898
0.540432093886193,0.270910500966773,17,0.380859878841907,0.0778331550467768
0.766862681077328,0.312183115140535,119,0.374923187988705,0.217843993533129
0.656702647699489,0.431513964884395,282,0.392808654425149,0.0246073053651832
0.994491239969355,0.0185016554531038,70,10,0.358258266797246
0.248139292248525,0.0224514092139434,66,0.378621983981922,0.333357782052975
0.722162279298063,0.00145163565679706,160,0.392632541929248,0.622678169549813
0.945273122270592,0.147518296842463,335,0.377257307137462,0.673251677897852
0.945273122270592,0.147518296842463,73,0.375066886064015,0.578330385693449
0.358056732013619,0.011537592231403,166,0.38920498509711,0.46693026243747
0.776060038329773,0.158075648521769,289,0.376338089753129,0.688902687892662
0.954034169483458,0.446737274410989,236,0.377744254140607,0.196515289261084
0.736192679961678,0.00403964007615811,166,0.403949937504019,0.494189114098764
0.49003248115237,0.0244144867768082,181,0.39378208886877,0.546081394135737
0.286616952279017,0.218974203802698,242,0.374606035862947,4.23206356318812e-29
0.666934166559168,0.00110193773008919,374,0.553609161379249,0.914028228392303
0.138979015046139,0.00212159400619112,236,0.369357591530721,0.562253411672376
0.540403677097056,0.00230717958986027,163,0.379403944610005,0.694839212354629
0.540403677097056,0.00213421007641591,40,0.379886128696614,0.252200343101143
0.278573748557828,0.364003582563607,271,0.381207094204868,3.95589691963097e-29
0.264531814976588,0.00158878864379387,239,0.406185947209021,0.745859460857025
0.0782204030840732,0.043679060855279,133,0.376637279460726,0.001870804862276
0.0148558839328671,0.00286401960939461,156,0.373647925394642,0.492006198514928
0.722161368056908,0.00145163565679706,162,0.450735588422031,0.738671473109181
0.509347256794404,0.153708804709163,73,0.377367471320829,0.368899447050535
0.519263631226495,0.00178370655444451,298,1.22371818972819,0.815644389120311
0.540403677097056,0.00230717958986027,173,10,0.59225449709726
0.945273122270592,0.147518296842463,335,0.383109127424074,0.723481384464051
0.143800433879333,0.0674596094067187,237,0.379268115565098,0.117486141226644
0.712157511013775,0.414251084133517,270,0.380652368693552,0.0257803078298126
0.540403677097056,0.0406373467950593,163,0.380242844698376,0.495028312735235
0.722185716610625,0.162718890288146,279,0.380484807170423,0.672711160787511
0.0195688081193017,0.00212159400619112,136,0.37837144101325,0.578255890754204
0.584815040274681,0.0478080463862835,374,0.399989739193539,0.637988800864499
0.138979015046139,0.00212159400619112,235,0.446503359968347,0.825774710097321
0.400496591797564,0.337431626654994,314,0.383098322187227,3.51522986357236e-29
0.540403677097056,0.00213421007641591,248,0.473444067682076,0.84268139417547
0.248139292248525,0.00493621016802229,85,0.393867230759449,0.346150540565551
0.541382154175843,0.218974203802698,242,0.376555461112924,0.421546353269177
0.100827526116804,0.0711640347106312,125,0.373223476911295,3.65107214454186e-29
0.666934166559168,0.0264881789583537,113,0.38422590128748,0.436161419073831
0.670752249525394,0.00107952895159723,354,10,0.898788631360347
0.540403677097056,0.0141993358826107,250,0.390975377404953,0.514950038530946
0.933703786071856,0.462896729557076,239,0.37609168114119,0.348048551808353
0.72218480536947,0.0718881762653919,283,0.375563610878513,0.656749542213749
0.180480666723313,0.0240983124614465,286,0.412215786853126,0.622804018322625
0.772588768289414,0.0448718154142938,133,0.370930955445253,0.521465805209687
0.666934166559168,0.0014074910183987,362,0.305130042641116,0.940397297908865
0.288617123072505,0.197606933020127,284,0.378271093009099,0.00993005843651994
0.666934166559168,0.0193861069160018,356,0.381351096034267,0.662029727130027
0.0148558839328671,0.00286401960939461,156,0.379849084864759,0.452349803477772
0.549119070567879,0.00178370655444451,264,10,0.696032952182621
0.792813239566554,0.0437204203980509,133,0.373746968792121,0.475622593109799
0.670752249525394,0.367372610611447,299,0.374043944326528,0.0751206114601344
0.688933336402558,0.00230717958986027,163,0.485031056049753,0.651750815172926
0.138979015046139,0.00212159400619112,279,0.474459700601965,0.795939907147989
0.519263631226495,0.00177622992649998,298,0.444343000786009,0.95793794279304
0.670752249525394,0.00107952895159723,354,0.707484273855691,0.956160851713603
0.776060038329773,0.145755036065724,289,0.37825066397131,0.677626335858722
0.66068633669058,0.23035207687693,383,0.379130237727091,0.492490671265035
0.29829928996546,0.121462946504464,262,0.376924284129615,0.29386176489877
0.952300785750496,0.152244593764042,272,0.378160184668674,0.673260039213003
0.820156418993544,0.147518296842463,328,0.372164163147795,0.735997761504687
0.254861002276337,0.00105511531367262,225,0.42395904810675,0.622253217811107
0.518403330176071,0.0876019368049636,362,0.38768847666766,0.679432142757479
0.278573748557828,0.0638046708141123,79,0.377522928839476,0.42201969135126
0.286616952279017,0.270425626197565,261,0.3788493459685,3.2586108869653e-29
0.933703786071856,0.462896729557076,292,0.378896712519021,0.236791284396711
0.248139292248525,0.0224514092139434,70,0.377074138068572,0.364551206206028
0.706318028592601,0.414251084133517,281,0.379804703622452,0.0294038773927443
0.0332576878593854,0.0014074910183987,376,0.387206024756211,0.708721326284371
0.795893167643867,0.462896729557076,298,0.369131638919516,0.0623903979330608
0.933703786071856,0.462896729557076,298,0.374246281021357,0.18390794876645
0.519263631226495,0.00178370655444451,289,0.510850631119776,0.694736092338324
0.670752249525394,0.0428727200433351,245,0.389526750388984,0.589747169825946
0.666934166559168,0.0014074910183987,380,0.436040694662604,0.876261772242154
0.666934166559168,0.0014074910183987,351,0.680353571527575,0.925746451026356
0.680556726722317,0.053890119272019,183,0.376560706289578,0.571914041940366
0.0990807111863978,0.00409428632088336,149,0.401855367505564,0.522043777965681
0.637078611490133,0.0014074910183987,372,0.845000389892206,0.872999264022659
0.761664319500067,0.00111546401200568,374,2.50671379133212,0.95891556984082
0.292899581372479,0.00670909726514418,215,0.385828860297967,0.495598626689489
0.110116970830456,0.00132580740618878,236,0.468156585790077,0.594626763907269
0.945273122270592,0.147518296842463,335,0.378785992318065,0.734457554028071
0.666934166559168,0.00113668850783628,374,0.453483445322947,0.9372014018611
0.772588768289414,0.0448718154142938,247,0.393266238057939,0.585864298276874
0.792102417267127,0.00111546401200568,345,2.18399188116583,0.890710967707009
0.670769869673329,0.0190692739417883,385,0.392628461254282,0.650062424337676
0.766750389007792,0.0103543957641079,371,0.430248190220984,0.810444163928974
0.319130515704315,0.00212159400619112,96,0.424790699650911,0.407493083083887
0.195778719084579,0.147518296842463,317,0.377611576728971,4.04218071102643e-29
0.72218480536947,0.0718881762653919,283,0.380075875919075,0.671858529610511
0.666934166559168,0.00220556230739019,374,0.770740712628027,0.868612912991188
0.933703786071856,0.462896729557076,292,0.37504697065576,0.326175864035606
0.666934166559168,0.00110193773008919,377,0.586941748972969,0.84871080494443
0.658637140394722,0.0014074910183987,374,0.459479277792215,0.942767039838592
0.666934166559168,0.001373204515148,362,10,0.961196434689182
0.637078611490133,0.0014074910183987,385,0.485529218609092,0.964721852319697
0.264531814976588,0.00158878864379387,232,0.403036092719762,0.761139007589107
0.527560484934454,0.00177622992649998,298,10,0.853733880590905
0.818804502453749,0.00107952895159723,354,0.418871648663517,0.911602497935692
0.933703786071856,0.462896729557076,134,0.373051062895596,0.153615418229269
0.164808487659993,0.0141227541444905,396,0.414875822796641,0.659317100601804
0.670752249525394,0.00111920939362608,96,0.444903269109489,0.485215240204196
0.970339232388256,0.218974203802698,234,0.380737601264872,0.678348092858993
0.519263631226495,0.00113421112172833,353,10,0.903728263037695
0.286616952279017,0.234088973707642,237,0.375260339678721,3.80479651100491e-29
0.637078611490133,0.0014074910183987,372,4.08450660228596,0.906645097349594
0.0967149337756028,0.0014074910183987,132,0.385787717038231,0.464945332401103
0.67930927835955,0.00107723570975755,351,1.10362673612033,0.931008472993792
0.69538531824324,0.142241706385343,163,0.382041115881325,0.633546952278694
0.666934166559168,0.0014074910183987,374,10,0.914895933902544
0.670752249525394,0.00107915526283161,298,0.421336134095193,0.880491822737968
0.0990807111863978,0.0437204203980509,297,0.374687712394493,0.109501882806049
0.666934166559168,0.0502298362790585,374,0.387888183927116,0.644831278726668
0.658637140394722,0.0014074910183987,374,10,0.966359677751404
0.0148558839328671,0.00286401960939461,158,0.374484756433662,0.429491059502228
0.933703786071856,0.462896729557076,229,0.379216396049053,0.317155539045355
0.671457089444208,0.0281241627934304,298,0.385632833676174,0.611390678529821
0.761664319500067,0.161439196650301,332,0.381021580496395,0.668149675746787
0.637078611490133,0.0014074910183987,385,0.654093847731546,0.957745886578676
0.734520663899914,0.456462407710316,369,0.384005613743996,0.0880633254823759
0.666934166559168,0.001373204515148,360,0.532158575680394,0.94123537482718
0.0148558839328671,0.00286401960939461,156,0.37641483515362,0.579517077428437
0.933703786071856,0.0430208082156682,342,0.382399117881563,0.585515624933652
0.538062488006757,0.00153600243436162,300,10,0.803254132203836
0.637078611490133,0.0452308422463306,364,0.38618333519256,0.670209010027408
0.0990807111863978,0.0437204203980509,133,0.381115490937361,0.0202539716613707
0.67930927835955,0.00111607519253291,341,0.601720853477324,0.852740596082585
0.984061528217728,0.116239695473639,238,0.392949869029858,0.639666488917159
0.245789026007073,0.00158428255514257,230,0.434454597492253,0.741736936866293
0.286616952279017,0.215582883426145,311,0.381625726612396,3.70751019579398e-29
0.286616952279017,0.218974203802698,242,0.381531440184106,2.84244649286544e-05
0.0108915593700177,0.00390785320800264,343,0.374508770299375,0.0541996583956354
0.778399331616091,0.0014074910183987,374,0.409794443965718,0.955300057914567
0.666934166559168,0.00110193773008919,329,10,0.777204403490301
0.72147106685206,0.00332747036393308,370,0.399797518755128,0.938412057970044
0.666934166559168,0.00111932598713669,351,0.731026650426919,0.931909411207042
0.666934166559168,0.0014074910183987,365,0.497285308016557,0.908991135145829
0.966468551862969,0.147518296842463,335,0.36997287457764,0.764434070409638
0.822979186109464,0.00107662467108108,332,0.572604823051791,0.886227586446078
0.67930927835955,0.436090756155827,347,0.38166706165672,0.0558027638354711
0.519263631226495,0.0822591358535319,298,0.40932511187352,0.667505650904849
0.667013394526738,0.001373204515148,362,0.441496878305915,0.869474074011381
0.666934166559168,0.0014074910183987,364,0.536567017864254,0.958285199339262
0.670673021557824,0.00101924574903013,96,0.385329464449845,0.394655693878007
0.519263631226495,0.10277595274646,375,0.381734868605777,0.704093771661455
0.286616952279017,0.210966885109409,303,0.379395279189119,0.00104368444861061
0.997501694665482,0.001373204515148,362,0.467542523113327,0.961502797296738
0.910814451921712,0.0859923869124802,306,0.381859170289344,0.641341689840851
0.0990807111863978,0.0496594148820883,133,0.374408491136702,0.053583716609293
0.795893167643867,0.462896729557076,322,0.377410284084178,0.0475698371892219
0.747873312434986,0.00146930188810124,351,0.844814037904273,0.931198410434153
0.682235720851321,0.00111920939362608,96,0.381041528530785,0.415099561501252
0.670752249525394,0.0630123758548714,96,0.374141964850367,0.47092453770102
0.859097265994172,0.147518296842463,337,0.37278716017685,0.711705011029516
0.848047102155115,0.0014074910183987,355,10,0.927388898424099
0.138979015046139,0.00212159400619112,209,0.389202369658768,0.510968072684843
0.658637140394722,0.0014074910183987,374,1.38472548826832,0.898939274735113
0.761105174210866,0.0296448847072097,133,0.398572988388516,0.42172036905463
0.763583333003812,0.218974203802698,239,0.387343719705329,0.543254261484822
0.0990807111863978,0.0353919135425095,87,0.369961149692032,0.285799391388821
0.666934166559168,0.0014074910183987,375,0.872587898330058,0.888930264155391
0.966468551862969,0.147518296842463,335,0.382696462320174,0.698648280808613
0.0108310228448186,0.00286401960939461,156,0.374681257510961,0.279288212690741
0.728738121570908,0.00118128747199759,307,10,0.949005256221111
0.633571015812808,0.389788433844626,340,0.391330535424302,0.0113515665356537
0.666934166559168,0.0014074910183987,362,10,0.958519842360732
0.761664319500067,0.00111546401200568,374,0.406463298445704,0.943276175012953
0.778399331616091,0.00129674365470227,374,0.552393399790784,0.953135847483878
0.666934166559168,0.0014074910183987,374,10,0.872394589705514
0.295454587930496,0.0448718154142938,136,0.380140168599297,0.461950945508303
0.670752249525394,0.00107952895159723,392,0.660095189730714,0.951054134130481
0.673914526601737,0.00110193773008919,391,0.706840149230131,0.917700904534586
0.66770635605796,0.00107952895159723,354,0.379305481286654,0.912332421384754
0.264531814976588,0.00158878864379387,232,10,0.812488285744956
0.519263631226495,0.00177622992649998,298,0.485739125496239,0.798210126811894
0.761664319500067,0.00111546401200568,374,0.950998407400031,0.915449336985229
0.286616952279017,0.218974203802698,242,0.380141237673444,4.54648178481365e-29
0.778399331616091,0.0743072996845707,356,0.408067842817327,0.664902112124632
0.658637140394722,0.0014074910183987,374,4.25502450237097,0.93761010528539
0.0614612339975072,0.00212159400619112,245,0.384706869498875,0.682451970423443
0.666934166559168,0.0014074910183987,362,1.85283379646249,0.948821308893493
0.761664319500067,0.00111546401200568,374,0.473329577388433,0.966453680935015
0.945358106559486,0.147518296842463,369,0.379926307681218,0.744119517576486
0.66770635605796,0.0010668576172779,378,0.464629159953696,0.957142856725756
0.286616952279017,0.245182408519375,242,0.394620606407525,3.63043511926877e-29
0.537452137622339,0.00262395441150317,155,0.398683371922139,0.577824472846787
0.781465982125999,0.00111546401200568,340,0.446225646600475,0.964038320475042
0.809541371098844,0.147518296842463,337,0.38247152869407,0.733783319632291
0.185976651826858,0.0457276872100666,232,0.383205746203361,0.492399576121977
0.761664319500067,0.00111546401200568,374,0.446150222507822,0.94202868810667
0.0513144253589519,0.091046207170989,373,0.373514979278344,3.50987888856903e-29
0.859097265994172,0.147518296842463,337,0.379577062229054,0.735133778549796
0.746948558516037,0.00158252607768727,339,0.508621858619593,0.910075308694143
0.637078611490133,0.0014074910183987,370,1.73652028670508,0.929841534721668
0.711864344040517,0.001373204515148,117,0.375447781657645,0.485242281166368
0.795893167643867,0.462896729557076,317,0.397165606869767,0.117925529492464
0.670752249525394,0.016775086580955,354,0.384660440395323,0.584195042796309
0.865331563334556,0.00111546401200568,300,0.656192131713006,0.883991234357825
0.638933307525544,0.0014074910183987,374,0.455303237543412,0.860181667381957
0.670752249525394,0.0136380788501963,354,0.434996376729518,0.706793619486254
0.966468551862969,0.142374510877292,335,0.37802458817283,0.730616908075458
0.637078611490133,0.0201204174017434,385,0.473753020721717,0.652937753640199
0.0148558839328671,0.00280171550182195,366,0.380561648240295,0.661178757658387
0.637078611490133,0.00142342443284968,385,0.558070887107078,0.897223142165461
0.754381873939765,0.0459006507783547,277,0.403158122157842,0.517599010750992
0.813272243911121,0.0536581989401732,161,0.387813005834199,0.535156574569835
0.637078611490133,0.0014074910183987,385,0.728563453429026,0.932368101765126
0.666934166559168,0.00123578519056116,362,10,0.939095813646201
0.832849587759555,0.128523265222331,328,0.389588932277276,0.690768227894075
0.0990807111863978,0.0353919135425095,87,0.381400184390071,0.0910033389843322
0.519263631226495,0.00177622992649998,290,0.379058055137097,0.935219032894083
0.634280141865973,0.001373204515148,362,0.433207701489374,0.938821354449212
0.761664319500067,0.00111546401200568,374,0.420358315243166,0.954657064326254
0.778399331616091,0.0014074910183987,380,0.433778637087247,0.970011856606137
0.0990807111863978,0.0437204203980509,133,0.37228209709733,0.0964422932199008
0.778399331616091,0.0014074910183987,316,0.391129754996472,0.94979966738046
0.57780656159858,0.0014074910183987,385,0.518141860993817,0.974326407471166
0.945358106559486,0.147518296842463,369,0.382867313180757,0.803007747147978
0.138979015046139,0.00212159400619112,240,10,0.804664775908918
0.901497266461201,0.00158878864379387,232,0.488031909020902,0.806071184435156
0.0148558839328671,0.00286401960939461,156,0.378553263309517,0.504230877869941
0.658637140394722,0.0014074910183987,361,10,0.902201460742079
0.666934166559168,0.001373204515148,367,10,0.869799906058005
0.795893167643867,0.462896729557076,298,0.376867043697945,0.15432444171498
0.774928146964932,0.00111546401200568,374,1.89398091566582,0.876970198950043
0.649051392772974,0.00112276856677905,372,0.413206452389602,0.94159080906822
0.666934166559168,0.0014074910183987,362,10,0.913039260120874
0.859153307043065,0.00140054008734004,364,0.894950095406636,0.952434975121119
0.877387294716267,0.0448718154142938,133,10,0.533083145821135
0.761664319500067,0.00111546401200568,374,0.985384555695089,0.962202606163111
0.761664319500067,0.00111546401200568,374,0.772185718942654,0.931899843861224
0.270206309851518,0.001373204515148,362,0.460474938554288,0.905023131257924
0.637078611490133,0.00123013657834248,385,0.445815372853829,0.950229105327891
0.615894277339995,0.0014074910183987,374,0.705910299688913,0.961054764229053
0.138979015046139,0.00212159400619112,236,0.393449211706674,0.679230870059739
0.666934166559168,0.0683467742898931,375,0.37531420630837,0.676990514337753
0.827109601111933,0.0014074910183987,374,0.50562134772876,0.869241143309136
0.958487938650767,0.0664732466767829,335,0.389928289953252,0.662134618618807
0.820156418993544,0.147518296842463,328,0.392785736244878,0.711593256924448
0.658637140394722,0.0014074910183987,364,0.540344310913709,0.954556708977844
0.0990807111863978,0.0437204203980509,133,0.368123227575588,0.0340946649243841
0.778399331616091,0.0014074910183987,321,0.49707748929578,0.897750143049991
0.966468551862969,0.142116486898157,335,0.375591822394968,0.694828283912601
0.761664319500067,0.00104613788314449,374,10,0.828002569230715
0.0640081638407968,0.0424477602770253,139,0.382952031231943,0.00132636697898656
0.761664319500067,0.00111546401200568,392,1.92335469929862,0.968543027515552
0.778399331616091,0.0014074910183987,316,1.22992803440556,0.906146497632559
0.0990807111863978,0.00184275314822235,364,0.387179447080365,0.808167079340449
0.706160976236576,0.00300032858863544,362,2.02849263709996,0.901261016246618
0.0990807111863978,0.0437204203980509,133,0.385879939918316,0.0459092211998992
0.761664319500067,0.00111546401200568,374,10,0.978882644890052
0.722337134765961,0.0816449415765651,372,0.382726924759447,0.672289480579548
0.667176181977417,0.066283004208614,324,0.389591536396526,0.67830146995719
0.993823307003326,0.0017083663298096,370,10,0.948082045716832
0.642878090806142,0.00131770035456317,156,0.385201700074973,0.537134654754503
0.519263631226495,0.00100911691697936,380,0.514513089143917,0.814328732451702
0.526884604741457,0.0014074910183987,374,0.463929362308147,0.944643240991449
0.0990807111863978,0.0353919135425095,87,0.372951163724275,0.27355532357334
0.0148558839328671,0.00286401960939461,150,0.375879502049232,0.556758877928018
0.717807522861757,0.00332747036393308,354,0.44312480164385,0.884515103422526
0.778399331616091,0.0014074910183987,397,5.2971696687606,0.954960282226896
0.820156418993544,0.168134875621518,328,0.376468647891845,0.71271427132492
0.173441177087894,0.00296964422577897,380,0.548993022752368,0.795140908006312
0.666934166559168,0.0784938040429669,103,0.389687895994623,0.497533655853166
0.763614359210684,0.0120082951827446,340,0.42629378289991,0.630731444544663
0.638338656009177,0.0014074910183987,385,10,0.9668540517087
0.519263631226495,0.00177622992649998,290,0.622371782092891,0.798799371164235
0.138979015046139,0.00166016134822266,236,0.394850633495374,0.704744909942239
0.666934166559168,0.0014074910183987,358,0.614642369075175,0.929370711475717
0.761664319500067,0.00111546401200568,296,0.497726545872191,0.959323594842857
0.585629361286167,0.00109734541555159,292,10,0.906942404636569
0.658395124976471,0.00658023217729684,375,8.03022472944573,0.609869025281454
0.637078611490133,0.0332946209204784,357,0.399239643967704,0.60265859009706
0.702793933264324,0.0347189450655794,385,0.392987315441361,0.619020228661733
0.748189861053589,0.00212159400619112,202,0.43782103629412,0.677755187298575
0.577641791900485,0.0010022465018463,384,0.460552282565426,0.880461045179929
0.761664319500067,0.00111546401200568,392,10,0.958641265336
0.142035117640946,0.0437204203980509,133,0.376803349879933,0.274251124103903
0.0745484084581124,0.0378631758608451,91,0.382520132053072,0.0107008573054678
0.682150561055489,0.0507690221436587,336,0.380015526694822,0.63630409685222
0.65832054434314,0.00150704884403866,290,0.419199018177059,0.722566438921981
0.638338656009177,0.0014074910183987,378,0.440186872177197,0.903103314032346
0.778399331616091,0.0014074910183987,399,10,0.964956177778481
0.519580107603464,0.00167667856049116,379,0.911748697506734,0.912787499646963
0.773636721624558,0.148266613209264,328,0.379358012432757,0.672341233861384
0.638338656009177,0.0014074910183987,385,6.54925243678438,0.933689360001076
0.0148558839328671,0.00286401960939461,100,0.374402820452319,0.324329277743543
0.0801228434996605,0.00153933716645282,87,0.372348095943554,0.394382293203093
0.778399331616091,0.0014074910183987,380,10,0.960417237670179
0.79424095534905,0.0387237972506961,374,0.397960797325684,0.616593270755792
0.761664319500067,0.00111546401200568,363,0.835715502593801,0.844758567206902
0.186830393710467,0.0013739163969262,169,0.38310112854533,0.648041332462355
0.778399331616091,0.0014074910183987,381,3.20261213180547,0.930937765806007
0.675253923835174,0.462896729557076,298,0.386960396269791,0.0556375193068411
0.717831957701577,0.0014074910183987,331,0.406303719120608,0.946574900372761
0.154820779080572,0.0129680559854644,399,0.392600285398785,0.616126116062038
0.761664319500067,0.00142911849583109,374,10,0.86796026517421
0.966468551862969,0.147518296842463,335,0.392774150935171,0.756645215144305
0.519263631226495,0.00177622992649998,290,0.502558063524589,0.882245824313432
0.824919013124557,0.0014074910183987,374,10,0.953360971220597
0.737148981774876,0.0014074910183987,261,0.490651859635591,0.768788287688231
0.667871115131139,0.05815466360439,354,0.3793340975885,0.669870826066109
0.57780656159858,0.00109530716494871,385,0.77248283776351,0.972679174480103
0.0150032303471303,0.00202080775620123,232,0.374202694425161,0.604458408461795
0.966468551862969,0.203674213273248,335,0.38062009006104,0.743344137055502
0.733891114945935,0.00695513495707732,138,0.417508668597276,0.447017118200373
0.151833588614875,0.039683720116346,335,0.38150035705072,0.524464653723092
0.122219487145066,0.034696592008537,364,0.37947432122167,0.506119601075645
0.72698451167837,0.0448718154142938,133,0.384161633073362,0.440914822632181
0.0990807111863978,0.0437204203980509,133,0.379066790742636,0.0597042152096904
0.0138014350074459,0.00286401960939461,156,0.378554643767514,0.454123297743976
0.820499433035768,0.00454899782702459,328,0.603905231090067,0.688860518114724
0.648070171943915,0.00357649745881317,83,0.379393268377268,0.450192241646804
0.838780208561634,0.0238453299061765,385,0.386176990695305,0.640137767147239
0.138979015046139,0.00129091961528765,242,0.813782671117816,0.787166214181137
0.761664319500067,0.0010765847452626,389,0.988870077311944,0.935116962109124
0.761664319500067,0.00111546401200568,391,10,0.87267680560878
0.638338656009177,0.0014074910183987,385,1.29878285601763,0.892321609232883
0.666934166559168,0.0014074910183987,362,10,0.914345020160834
0.820156418993544,0.147518296842463,328,0.382627025775498,0.713172617857119
0.57780656159858,0.152800133655808,387,0.379193521075116,0.665375128737142
0.0133061739847809,0.00286401960939461,156,0.370044192475825,0.523967528705398
0.778399331616091,0.00365532947878582,295,10,0.827424451713014
0.772588768289414,0.0446475965328677,133,0.37861944575486,0.503087966403786
0.57780656159858,0.00109530716494871,385,0.807469891466804,0.959560049120761
0.778056314874581,0.156128798895649,373,0.380694272567581,0.746284417426929
0.0990807111863978,0.0400844734600476,133,0.377785743863094,0.0563156894950306
0.511913594655089,0.0014074910183987,369,0.471557175235603,0.948954558410418
0.942124595209248,0.462896729557076,298,0.377807846891426,0.173362559330488
0.761664319500067,0.00111546401200568,374,10,0.92051699051568
0.761664319500067,0.00111546401200568,374,0.817451678684991,0.954478751320639
0.638338656009177,0.00668547761306983,385,10,0.714203283982815
0.66770635605796,0.00111840848944013,356,8.15990633456158,0.965344017254774
0.637565109531399,0.00143834832659381,340,10,0.852544493853654
