"Subject","Ablation_Pct","Win_Stay","Lose_Shift","n_wins","n_losses","H_WS","H_LS","Total_Diff_Entropy"
2,100,0.708860759493671,0.619047619047619,79,42,-1.57177716492896,-1.2061540963343,-2.77793126126326
2,0,1,0,79,42,-3.39452663467381,-2.78445592964704,-6.17898256432085
2,30,0.974683544303797,0.0714285714285714,79,42,-2.55971454389618,-1.79779823880907,-4.35751278270524
2,50,1,0,79,42,-3.39452663467381,-2.78445592964704,-6.17898256432085
2,60,1,0,79,42,-3.39452663467381,-2.78445592964704,-6.17898256432085
2,90,1,0,79,42,-3.39452663467381,-2.78445592964704,-6.17898256432085
2,40,1,0.0476190476190476,79,42,-3.39452663467381,-1.9610741122996,-5.35560074697341
2,10,0.949367088607595,0.119047619047619,79,42,-2.26681083373859,-1.59039220066072,-3.8572030343993
2,80,1,0,79,42,-3.39452663467381,-2.78445592964704,-6.17898256432085
2,20,1,0.0238095238095238,79,42,-3.39452663467381,-2.21919226509161,-5.61371889976542
2,70,1,0,79,42,-3.39452663467381,-2.78445592964704,-6.17898256432085
3,30,1,0,87,41,-3.48870045084186,-2.7614791420929,-6.25017959293476
3,70,1,0,87,41,-3.48870045084186,-2.7614791420929,-6.25017959293476
3,20,1,0.024390243902439,87,41,-3.48870045084186,-2.19650816986083,-5.6852086207027
3,60,1,0,87,41,-3.48870045084186,-2.7614791420929,-6.25017959293476
3,0,1,0.024390243902439,87,41,-3.48870045084186,-2.19650816986083,-5.6852086207027
3,50,1,0,87,41,-3.48870045084186,-2.7614791420929,-6.25017959293476
3,10,1,0.024390243902439,87,41,-3.48870045084186,-2.19650816986083,-5.6852086207027
3,100,1,0.170731707317073,87,41,-3.48870045084186,-1.43857709904481,-4.92727754988667
3,40,1,0,87,41,-3.48870045084186,-2.7614791420929,-6.25017959293476
3,90,1,0,87,41,-3.48870045084186,-2.7614791420929,-6.25017959293476
3,80,1,0,87,41,-3.48870045084186,-2.7614791420929,-6.25017959293476
4,50,1,0,71,36,-3.29055500790491,-2.63794493967123,-5.92849994757614
4,80,1,0,71,36,-3.29055500790491,-2.63794493967123,-5.92849994757614
4,30,1,0,71,36,-3.29055500790491,-2.63794493967123,-5.92849994757614
4,60,1,0,71,36,-3.29055500790491,-2.63794493967123,-5.92849994757614
4,100,1,0.277777777777778,71,36,-3.29055500790491,-1.21198922440365,-4.50254423230857
4,10,1,0,71,36,-3.29055500790491,-2.63794493967123,-5.92849994757614
4,90,1,0,71,36,-3.29055500790491,-2.63794493967123,-5.92849994757614
4,20,1,0,71,36,-3.29055500790491,-2.63794493967123,-5.92849994757614
4,40,1,0,71,36,-3.29055500790491,-2.63794493967123,-5.92849994757614
4,70,1,0,71,36,-3.29055500790491,-2.63794493967123,-5.92849994757614
4,0,1,0,71,36,-3.29055500790491,-2.63794493967123,-5.92849994757614
5,100,1,0.354166666666667,73,48,-3.3175786067178,-1.28358464650532,-4.60116325322312
5,30,1,0,73,48,-3.3175786067178,-2.91222846137592,-6.22980706809372
5,60,1,0,73,48,-3.3175786067178,-2.91222846137592,-6.22980706809372
5,80,1,0,73,48,-3.3175786067178,-2.91222846137592,-6.22980706809372
5,10,1,0,73,48,-3.3175786067178,-2.91222846137592,-6.22980706809372
5,90,1,0,73,48,-3.3175786067178,-2.91222846137592,-6.22980706809372
5,0,1,0,73,48,-3.3175786067178,-2.91222846137592,-6.22980706809372
5,40,1,0,73,48,-3.3175786067178,-2.91222846137592,-6.22980706809372
5,70,1,0,73,48,-3.3175786067178,-2.91222846137592,-6.22980706809372
5,20,1,0,73,48,-3.3175786067178,-2.91222846137592,-6.22980706809372
5,50,1,0,73,48,-3.3175786067178,-2.91222846137592,-6.22980706809372
7,40,0.962962962962963,0.142857142857143,81,42,-2.41429893281224,-1.51832478061561,-3.93262371342786
7,100,0.888888888888889,0.571428571428571,81,42,-1.94149451577658,-1.18790651763433,-3.12940103341091
7,0,1,0,81,42,-3.41891436921549,-2.78445592964704,-6.20337029886252
7,60,1,0,81,42,-3.41891436921549,-2.78445592964704,-6.20337029886252
7,50,1,0,81,42,-3.41891436921549,-2.78445592964704,-6.20337029886252
7,20,1,0.0238095238095238,81,42,-3.41891436921549,-2.21919226509161,-5.63810663430709
7,30,1,0.0238095238095238,81,42,-3.41891436921549,-2.21919226509161,-5.63810663430709
7,10,0.987654320987654,0.0952380952380952,81,42,-2.84788424494224,-1.68049684385679,-4.52838108879902
7,90,1,0,81,42,-3.41891436921549,-2.78445592964704,-6.20337029886252
7,80,1,0,81,42,-3.41891436921549,-2.78445592964704,-6.20337029886252
7,70,1,0,81,42,-3.41891436921549,-2.78445592964704,-6.20337029886252
9,70,1,0,81,32,-3.41891436921549,-2.52681059176952,-5.945724960985
9,20,1,0,81,32,-3.41891436921549,-2.52681059176952,-5.945724960985
9,60,1,0,81,32,-3.41891436921549,-2.52681059176952,-5.945724960985
9,40,1,0,81,32,-3.41891436921549,-2.52681059176952,-5.945724960985
9,0,1,0,81,32,-3.41891436921549,-2.52681059176952,-5.945724960985
9,90,1,0,81,32,-3.41891436921549,-2.52681059176952,-5.945724960985
9,10,1,0,81,32,-3.41891436921549,-2.52681059176952,-5.945724960985
9,100,0.975308641975309,0.3125,81,32,-2.58378442011076,-1.12490391346775,-3.70868833357851
9,50,1,0,81,32,-3.41891436921549,-2.52681059176952,-5.945724960985
9,80,1,0,81,32,-3.41891436921549,-2.52681059176952,-5.945724960985
9,30,1,0,81,32,-3.41891436921549,-2.52681059176952,-5.945724960985
10,30,0.986842105263158,0.0465116279069767,76,43,-2.78617014457399,-1.98296337057536,-4.76913351514935
10,20,1,0.0232558139534884,76,43,-3.35679243484071,-2.24137421569074,-5.59816665053145
10,60,1,0.0232558139534884,76,43,-3.35679243484071,-2.24137421569074,-5.59816665053145
10,70,1,0.0232558139534884,76,43,-3.35679243484071,-2.24137421569074,-5.59816665053145
10,10,1,0.0232558139534884,76,43,-3.35679243484071,-2.24137421569074,-5.59816665053145
10,90,1,0,76,43,-3.35679243484071,-2.80691690664554,-6.16370934148625
10,0,1,0,76,43,-3.35679243484071,-2.80691690664554,-6.16370934148625
10,40,1,0.0232558139534884,76,43,-3.35679243484071,-2.24137421569074,-5.59816665053145
10,50,1,0.0232558139534884,76,43,-3.35679243484071,-2.24137421569074,-5.59816665053145
10,100,0.986842105263158,0.372093023255814,76,43,-2.78617014457399,-1.22165523258872,-4.0078253771627
10,80,1,0,76,43,-3.35679243484071,-2.80691690664554,-6.16370934148625
11,70,1,0.025,81,40,-3.41891436921549,-2.17329872578432,-5.59221309499981
11,20,1,0.075,81,40,-3.41891436921549,-1.75319882529527,-5.17211319451076
11,50,1,0,81,40,-3.41891436921549,-2.73796231060675,-6.15687667982223
11,0,1,0.025,81,40,-3.41891436921549,-2.17329872578432,-5.59221309499981
11,90,1,0,81,40,-3.41891436921549,-2.73796231060675,-6.15687667982223
11,10,1,0.025,81,40,-3.41891436921549,-2.17329872578432,-5.59221309499981
11,100,0.987654320987654,0.525,81,40,-2.84788424494224,-1.15644366798,-4.00432791292224
11,60,1,0.025,81,40,-3.41891436921549,-2.17329872578432,-5.59221309499981
11,40,1,0.025,81,40,-3.41891436921549,-2.17329872578432,-5.59221309499981
11,80,1,0.025,81,40,-3.41891436921549,-2.17329872578432,-5.59221309499981
11,30,1,0.025,81,40,-3.41891436921549,-2.17329872578432,-5.59221309499981
12,80,1,0,78,51,-3.38210608031522,-2.9704744878122,-6.35258056812742
12,30,1,0,78,51,-3.38210608031522,-2.9704744878122,-6.35258056812742
12,40,1,0,78,51,-3.38210608031522,-2.9704744878122,-6.35258056812742
12,50,1,0,78,51,-3.38210608031522,-2.9704744878122,-6.35258056812742
12,60,1,0,78,51,-3.38210608031522,-2.9704744878122,-6.35258056812742
12,20,1,0,78,51,-3.38210608031522,-2.9704744878122,-6.35258056812742
12,70,1,0,78,51,-3.38210608031522,-2.9704744878122,-6.35258056812742
12,90,1,0,78,51,-3.38210608031522,-2.9704744878122,-6.35258056812742
12,10,1,0,78,51,-3.38210608031522,-2.9704744878122,-6.35258056812742
12,0,1,0,78,51,-3.38210608031522,-2.9704744878122,-6.35258056812742
12,100,0.897435897435897,0.470588235294118,78,51,-1.95649760226968,-1.2706553962806,-3.22715299855028
17,20,0.934210526315789,0.128205128205128,76,39,-2.13376133618812,-1.52494825307039,-3.65870958925851
17,60,1,0,76,39,-3.35679243484071,-2.71387945411394,-6.07067188895465
17,10,1,0,76,39,-3.35679243484071,-2.71387945411394,-6.07067188895465
17,30,0.960526315789474,0.0769230769230769,76,39,-2.35343280116058,-1.73013826947445,-4.08357107063503
17,100,0.828947368421053,0.435897435897436,76,39,-1.73591056061588,-1.15149078393955,-2.88740134455543
17,90,1,0,76,39,-3.35679243484071,-2.71387945411394,-6.07067188895465
17,70,1,0,76,39,-3.35679243484071,-2.71387945411394,-6.07067188895465
17,40,1,0,76,39,-3.35679243484071,-2.71387945411394,-6.07067188895465
17,50,1,0,76,39,-3.35679243484071,-2.71387945411394,-6.07067188895465
17,0,0.960526315789474,0.128205128205128,76,39,-2.35343280116058,-1.52494825307039,-3.87838105423097
17,80,1,0,76,39,-3.35679243484071,-2.71387945411394,-6.07067188895465
20,50,0.986842105263158,0.0227272727272727,76,44,-2.78617014457399,-2.26307572530897,-5.04924586988295
20,10,1,0.0454545454545455,76,44,-3.35679243484071,-2.00438585379425,-5.36117828863496
20,30,1,0,76,44,-3.35679243484071,-2.82888471199254,-6.18567714683326
20,0,1,0,76,44,-3.35679243484071,-2.82888471199254,-6.18567714683326
20,90,1,0,76,44,-3.35679243484071,-2.82888471199254,-6.18567714683326
20,60,1,0,76,44,-3.35679243484071,-2.82888471199254,-6.18567714683326
20,20,1,0.0454545454545455,76,44,-3.35679243484071,-2.00438585379425,-5.36117828863496
20,80,1,0,76,44,-3.35679243484071,-2.82888471199254,-6.18567714683326
20,40,1,0,76,44,-3.35679243484071,-2.82888471199254,-6.18567714683326
20,100,0.868421052631579,0.136363636363636,76,44,-1.84011279482775,-1.55904323356842,-3.39915602839616
20,70,1,0,76,44,-3.35679243484071,-2.82888471199254,-6.18567714683326
22,30,0.986486486486487,0.0212765957446809,74,47,-2.76037775636769,-2.32549469996519,-5.08587245633288
22,90,1,0,74,47,-3.33082144686961,-2.89203434424127,-6.22285579111087
22,20,1,0,74,47,-3.33082144686961,-2.89203434424127,-6.22285579111087
22,10,1,0,74,47,-3.33082144686961,-2.89203434424127,-6.22285579111087
22,60,1,0,74,47,-3.33082144686961,-2.89203434424127,-6.22285579111087
22,100,0.986486486486487,0.234042553191489,74,47,-2.76037775636769,-1.39123591046138,-4.15161366682906
22,70,1,0,74,47,-3.33082144686961,-2.89203434424127,-6.22285579111087
22,80,1,0,74,47,-3.33082144686961,-2.89203434424127,-6.22285579111087
22,50,1,0,74,47,-3.33082144686961,-2.89203434424127,-6.22285579111087
22,0,1,0,74,47,-3.33082144686961,-2.89203434424127,-6.22285579111087
22,40,1,0,74,47,-3.33082144686961,-2.89203434424127,-6.22285579111087
23,90,1,0,84,39,-3.45441596237265,-2.71387945411394,-6.16829541648659
23,30,1,0,84,39,-3.45441596237265,-2.71387945411394,-6.16829541648659
23,70,1,0,84,39,-3.45441596237265,-2.71387945411394,-6.16829541648659
23,40,1,0,84,39,-3.45441596237265,-2.71387945411394,-6.16829541648659
23,10,1,0.0256410256410256,84,39,-3.45441596237265,-2.14953908694821,-5.60395504932086
23,60,1,0,84,39,-3.45441596237265,-2.71387945411394,-6.16829541648659
23,20,1,0,84,39,-3.45441596237265,-2.71387945411394,-6.16829541648659
23,80,1,0,84,39,-3.45441596237265,-2.71387945411394,-6.16829541648659
23,0,1,0,84,39,-3.45441596237265,-2.71387945411394,-6.16829541648659
23,50,1,0,84,39,-3.45441596237265,-2.71387945411394,-6.16829541648659
23,100,0.964285714285714,0.41025641025641,84,39,-2.44911983650167,-1.15929416905493,-3.6084140055566
24,20,0.97752808988764,0,89,38,-2.67466334809291,-2.68920267177066,-5.36386601986356
24,70,1,0,89,38,-3.51092078144137,-2.68920267177066,-6.20012345321203
24,60,0.98876404494382,0.0263157894736842,89,38,-2.93933361449223,-2.12520260767539,-5.06453622216762
24,10,1,0,89,38,-3.51092078144137,-2.68920267177066,-6.20012345321203
24,0,1,0,89,38,-3.51092078144137,-2.68920267177066,-6.20012345321203
24,30,1,0,89,38,-3.51092078144137,-2.68920267177066,-6.20012345321203
24,100,0.921348314606742,0.657894736842105,89,38,-2.13604847054035,-1.18204896553371,-3.31809743607405
24,50,1,0,89,38,-3.51092078144137,-2.68920267177066,-6.20012345321203
24,90,1,0,89,38,-3.51092078144137,-2.68920267177066,-6.20012345321203
24,40,1,0,89,38,-3.51092078144137,-2.68920267177066,-6.20012345321203
24,80,1,0,89,38,-3.51092078144137,-2.68920267177066,-6.20012345321203
26,50,1,0,62,58,-3.15900774226452,-3.09448659644815,-6.25349433871267
26,0,1,0,62,58,-3.15900774226452,-3.09448659644815,-6.25349433871267
26,30,1,0,62,58,-3.15900774226452,-3.09448659644815,-6.25349433871267
26,40,1,0,62,58,-3.15900774226452,-3.09448659644815,-6.25349433871267
26,90,1,0,62,58,-3.15900774226452,-3.09448659644815,-6.25349433871267
26,60,1,0,62,58,-3.15900774226452,-3.09448659644815,-6.25349433871267
26,20,1,0,62,58,-3.15900774226452,-3.09448659644815,-6.25349433871267
26,80,1,0,62,58,-3.15900774226452,-3.09448659644815,-6.25349433871267
26,100,0.532258064516129,0.568965517241379,62,58,-1.36362596420418,-1.3392352295962,-2.70286119380037
26,10,1,0,62,58,-3.15900774226452,-3.09448659644815,-6.25349433871267
26,70,1,0,62,58,-3.15900774226452,-3.09448659644815,-6.25349433871267
27,0,1,0,83,42,-3.44272156074805,-2.78445592964704,-6.22717749039509
27,100,0.975903614457831,0.30952380952381,83,42,-2.60728919738199,-1.25363557663397,-3.86092477401596
27,90,1,0,83,42,-3.44272156074805,-2.78445592964704,-6.22717749039509
27,10,1,0,83,42,-3.44272156074805,-2.78445592964704,-6.22717749039509
27,30,1,0,83,42,-3.44272156074805,-2.78445592964704,-6.22717749039509
27,80,1,0,83,42,-3.44272156074805,-2.78445592964704,-6.22717749039509
27,40,1,0,83,42,-3.44272156074805,-2.78445592964704,-6.22717749039509
27,50,1,0,83,42,-3.44272156074805,-2.78445592964704,-6.22717749039509
27,60,1,0,83,42,-3.44272156074805,-2.78445592964704,-6.22717749039509
27,70,1,0,83,42,-3.44272156074805,-2.78445592964704,-6.22717749039509
27,20,1,0,83,42,-3.44272156074805,-2.78445592964704,-6.22717749039509
28,30,1,0.024390243902439,77,41,-3.36952933951017,-2.19650816986083,-5.566037509371
28,20,1,0.024390243902439,77,41,-3.36952933951017,-2.19650816986083,-5.566037509371
28,10,0.987012987012987,0,77,41,-2.79882123607393,-2.7614791420929,-5.56030037816683
28,90,0.987012987012987,0,77,41,-2.79882123607393,-2.7614791420929,-5.56030037816683
28,70,1,0.024390243902439,77,41,-3.36952933951017,-2.19650816986083,-5.566037509371
28,80,1,0,77,41,-3.36952933951017,-2.7614791420929,-6.13100848160306
28,50,1,0,77,41,-3.36952933951017,-2.7614791420929,-6.13100848160306
28,40,1,0.024390243902439,77,41,-3.36952933951017,-2.19650816986083,-5.566037509371
28,100,0.961038961038961,0.341463414634146,77,41,-2.36590529289566,-1.21787142709695,-3.58377671999261
28,0,0.987012987012987,0.0731707317073171,77,41,-2.79882123607393,-1.77574474864463,-4.57456598471856
28,60,1,0.024390243902439,77,41,-3.36952933951017,-2.19650816986083,-5.566037509371
29,20,1,0,77,45,-3.36952933951017,-2.85038052692391,-6.21990986643408
29,0,1,0,77,45,-3.36952933951017,-2.85038052692391,-6.21990986643408
29,70,1,0,77,45,-3.36952933951017,-2.85038052692391,-6.21990986643408
29,30,1,0,77,45,-3.36952933951017,-2.85038052692391,-6.21990986643408
29,60,1,0,77,45,-3.36952933951017,-2.85038052692391,-6.21990986643408
29,100,0.974025974025974,0.422222222222222,77,45,-2.53505176524726,-1.22202912536122,-3.75708089060848
29,50,1,0,77,45,-3.36952933951017,-2.85038052692391,-6.21990986643408
29,90,1,0,77,45,-3.36952933951017,-2.85038052692391,-6.21990986643408
29,10,0.987012987012987,0.0444444444444444,77,45,-2.79882123607393,-2.0253609561216,-4.82418219219554
29,80,1,0,77,45,-3.36952933951017,-2.85038052692391,-6.21990986643408
29,40,1,0,77,45,-3.36952933951017,-2.85038052692391,-6.21990986643408
32,20,1,0,90,39,-3.52184851750587,-2.71387945411394,-6.23572797161981
32,60,1,0,90,39,-3.52184851750587,-2.71387945411394,-6.23572797161981
32,10,1,0,90,39,-3.52184851750587,-2.71387945411394,-6.23572797161981
32,50,1,0,90,39,-3.52184851750587,-2.71387945411394,-6.23572797161981
32,0,0.977777777777778,0.0512820512820513,90,39,-2.68546434858962,-1.89239184229299,-4.57785619088261
32,70,1,0,90,39,-3.52184851750587,-2.71387945411394,-6.23572797161981
32,100,0.988888888888889,0.384615384615385,90,39,-2.95019869609877,-1.1698915788046,-4.12009027490336
32,90,1,0.0256410256410256,90,39,-3.52184851750587,-2.14953908694821,-5.67138760445408
32,40,1,0,90,39,-3.52184851750587,-2.71387945411394,-6.23572797161981
32,30,0.988888888888889,0.0256410256410256,90,39,-2.95019869609877,-2.14953908694821,-5.09973778304698
32,80,1,0,90,39,-3.52184851750587,-2.71387945411394,-6.23572797161981
36,70,1,0,81,36,-3.41891436921549,-2.63794493967123,-6.05685930888671
36,30,1,0,81,36,-3.41891436921549,-2.63794493967123,-6.05685930888671
36,50,1,0,81,36,-3.41891436921549,-2.63794493967123,-6.05685930888671
36,40,1,0,81,36,-3.41891436921549,-2.63794493967123,-6.05685930888671
36,10,1,0.0555555555555556,81,36,-3.41891436921549,-1.81867334959455,-5.23758771881003
36,60,1,0,81,36,-3.41891436921549,-2.63794493967123,-6.05685930888671
36,100,0.975308641975309,0.388888888888889,81,36,-2.58378442011076,-1.13086993928616,-3.71465435939692
36,90,1,0.0277777777777778,81,36,-3.41891436921549,-2.07468245911051,-5.49359682832599
36,80,0.987654320987654,0.0277777777777778,81,36,-2.84788424494224,-2.07468245911051,-4.92256670405274
36,20,0.987654320987654,0.0833333333333333,81,36,-2.84788424494224,-1.65762335980304,-4.50550760474528
36,0,1,0.0555555555555556,81,36,-3.41891436921549,-1.81867334959455,-5.23758771881003
38,40,1,0,84,43,-3.45441596237265,-2.80691690664554,-6.26133286901819
38,30,1,0,84,43,-3.45441596237265,-2.80691690664554,-6.26133286901819
38,0,1,0,84,43,-3.45441596237265,-2.80691690664554,-6.26133286901819
38,60,1,0,84,43,-3.45441596237265,-2.80691690664554,-6.26133286901819
38,100,1,0,84,43,-3.45441596237265,-2.80691690664554,-6.26133286901819
38,70,1,0,84,43,-3.45441596237265,-2.80691690664554,-6.26133286901819
38,20,1,0,84,43,-3.45441596237265,-2.80691690664554,-6.26133286901819
38,90,1,0,84,43,-3.45441596237265,-2.80691690664554,-6.26133286901819
38,80,1,0,84,43,-3.45441596237265,-2.80691690664554,-6.26133286901819
38,10,1,0,84,43,-3.45441596237265,-2.80691690664554,-6.26133286901819
38,50,1,0,84,43,-3.45441596237265,-2.80691690664554,-6.26133286901819
39,30,1,0,89,39,-3.51092078144137,-2.71387945411394,-6.22480023555531
39,80,1,0.0256410256410256,89,39,-3.51092078144137,-2.14953908694821,-5.66045986838958
39,20,1,0,89,39,-3.51092078144137,-2.71387945411394,-6.22480023555531
39,90,1,0,89,39,-3.51092078144137,-2.71387945411394,-6.22480023555531
39,60,1,0.0256410256410256,89,39,-3.51092078144137,-2.14953908694821,-5.66045986838958
39,10,1,0,89,39,-3.51092078144137,-2.71387945411394,-6.22480023555531
39,40,0.98876404494382,0.0256410256410256,89,39,-2.93933361449223,-2.14953908694821,-5.08887270144044
39,50,1,0,89,39,-3.51092078144137,-2.71387945411394,-6.22480023555531
39,70,1,0,89,39,-3.51092078144137,-2.71387945411394,-6.22480023555531
39,100,1,0,89,39,-3.51092078144137,-2.71387945411394,-6.22480023555531
39,0,1,0,89,39,-3.51092078144137,-2.71387945411394,-6.22480023555531
40,30,1,0,83,42,-3.44272156074805,-2.78445592964704,-6.22717749039509
40,60,1,0,83,42,-3.44272156074805,-2.78445592964704,-6.22717749039509
40,20,1,0,83,42,-3.44272156074805,-2.78445592964704,-6.22717749039509
40,40,1,0,83,42,-3.44272156074805,-2.78445592964704,-6.22717749039509
40,10,1,0,83,42,-3.44272156074805,-2.78445592964704,-6.22717749039509
40,50,1,0,83,42,-3.44272156074805,-2.78445592964704,-6.22717749039509
40,0,1,0,83,42,-3.44272156074805,-2.78445592964704,-6.22717749039509
40,80,1,0,83,42,-3.44272156074805,-2.78445592964704,-6.22717749039509
40,90,1,0,83,42,-3.44272156074805,-2.78445592964704,-6.22717749039509
40,100,1,0,83,42,-3.44272156074805,-2.78445592964704,-6.22717749039509
40,70,1,0,83,42,-3.44272156074805,-2.78445592964704,-6.22717749039509
42,90,1,0.0263157894736842,83,38,-3.44272156074805,-2.12520260767539,-5.56792416842345
42,30,1,0,83,38,-3.44272156074805,-2.68920267177066,-6.13192423251871
42,80,1,0.0263157894736842,83,38,-3.44272156074805,-2.12520260767539,-5.56792416842345
42,20,1,0,83,38,-3.44272156074805,-2.68920267177066,-6.13192423251871
42,10,1,0.0263157894736842,83,38,-3.44272156074805,-2.12520260767539,-5.56792416842345
42,70,1,0.0263157894736842,83,38,-3.44272156074805,-2.12520260767539,-5.56792416842345
42,0,1,0.0789473684210526,83,38,-3.44272156074805,-1.70653937373615,-5.1492609344842
42,60,1,0,83,38,-3.44272156074805,-2.68920267177066,-6.13192423251871
42,50,1,0,83,38,-3.44272156074805,-2.68920267177066,-6.13192423251871
42,40,1,0.0263157894736842,83,38,-3.44272156074805,-2.12520260767539,-5.56792416842345
42,100,0.987951807228916,0.473684210526316,83,38,-2.87154208863564,-1.13280166268191,-4.00434375131755
44,100,0.753246753246753,0.488888888888889,77,45,-1.61057318211499,-1.21038830641939,-2.82096148853438
44,90,1,0,77,45,-3.36952933951017,-2.85038052692391,-6.21990986643408
44,10,1,0.0222222222222222,77,45,-3.36952933951017,-2.2843171233651,-5.65384646287526
44,80,1,0.0222222222222222,77,45,-3.36952933951017,-2.2843171233651,-5.65384646287526
44,0,1,0.0222222222222222,77,45,-3.36952933951017,-2.2843171233651,-5.65384646287526
44,60,1,0.0222222222222222,77,45,-3.36952933951017,-2.2843171233651,-5.65384646287526
44,30,1,0,77,45,-3.36952933951017,-2.85038052692391,-6.21990986643408
44,70,1,0.0222222222222222,77,45,-3.36952933951017,-2.2843171233651,-5.65384646287526
44,40,1,0,77,45,-3.36952933951017,-2.85038052692391,-6.21990986643408
44,20,1,0.0222222222222222,77,45,-3.36952933951017,-2.2843171233651,-5.65384646287526
44,50,1,0,77,45,-3.36952933951017,-2.85038052692391,-6.21990986643408
46,20,1,0.0612244897959184,76,49,-3.35679243484071,-1.93998418414768,-5.29677661898839
46,100,0.763157894736842,0.510204081632653,76,49,-1.61787528185198,-1.25032146246022,-2.8681967443122
46,50,1,0.0204081632653061,76,49,-3.35679243484071,-2.36504612847466,-5.72183856331537
46,60,1,0.0204081632653061,76,49,-3.35679243484071,-2.36504612847466,-5.72183856331537
46,30,1,0.0204081632653061,76,49,-3.35679243484071,-2.36504612847466,-5.72183856331537
46,10,1,0.0204081632653061,76,49,-3.35679243484071,-2.36504612847466,-5.72183856331537
46,0,1,0.0204081632653061,76,49,-3.35679243484071,-2.36504612847466,-5.72183856331537
46,70,0.973684210526316,0.0204081632653061,76,49,-2.52248878033066,-2.36504612847466,-4.88753490880532
46,90,1,0,76,49,-3.35679243484071,-2.93202300542816,-6.28881544026888
46,40,1,0.0204081632653061,76,49,-3.35679243484071,-2.36504612847466,-5.72183856331537
46,80,1,0,76,49,-3.35679243484071,-2.93202300542816,-6.28881544026888
50,0,1,0,68,59,-3.24859925822045,-3.11101122888871,-6.35961048710917
50,50,1,0.0169491525423729,68,59,-3.24859925822045,-2.5422940790518,-5.79089333727225
50,100,1,0,68,59,-3.24859925822045,-3.11101122888871,-6.35961048710917
50,20,0.985294117647059,0,68,59,-2.67875455602035,-3.11101122888871,-5.78976578490906
50,80,1,0,68,59,-3.24859925822045,-3.11101122888871,-6.35961048710917
50,40,1,0,68,59,-3.24859925822045,-3.11101122888871,-6.35961048710917
50,90,1,0,68,59,-3.24859925822045,-3.11101122888871,-6.35961048710917
50,60,1,0,68,59,-3.24859925822045,-3.11101122888871,-6.35961048710917
50,30,0.985294117647059,0,68,59,-2.67875455602035,-3.11101122888871,-5.78976578490906
50,70,1,0,68,59,-3.24859925822045,-3.11101122888871,-6.35961048710917
50,10,1,0,68,59,-3.24859925822045,-3.11101122888871,-6.35961048710917
52,0,1,0.0476190476190476,86,42,-3.47740237152811,-1.9610741122996,-5.43847648382771
52,60,0.988372093023256,0.0238095238095238,86,42,-2.90601192731441,-2.21919226509161,-5.12520419240602
52,70,1,0.0476190476190476,86,42,-3.47740237152811,-1.9610741122996,-5.43847648382771
52,100,0.988372093023256,0.452380952380952,86,42,-2.90601192731441,-1.18233793592532,-4.08834986323973
52,50,0.988372093023256,0.0238095238095238,86,42,-2.90601192731441,-2.21919226509161,-5.12520419240602
52,40,1,0,86,42,-3.47740237152811,-2.78445592964704,-6.26185830117515
52,10,0.988372093023256,0.0238095238095238,86,42,-2.90601192731441,-2.21919226509161,-5.12520419240602
52,90,1,0.0476190476190476,86,42,-3.47740237152811,-1.9610741122996,-5.43847648382771
52,30,0.988372093023256,0.0714285714285714,86,42,-2.90601192731441,-1.79779823880907,-4.70381016612347
52,80,0.988372093023256,0.0238095238095238,86,42,-2.90601192731441,-2.21919226509161,-5.12520419240602
52,20,0.976744186046512,0,86,42,-2.64154296865968,-2.78445592964704,-5.42599889830672
53,50,1,0,90,34,-3.52184851750587,-2.58391949006084,-6.10576800756671
53,90,1,0,90,34,-3.52184851750587,-2.58391949006084,-6.10576800756671
53,20,1,0,90,34,-3.52184851750587,-2.58391949006084,-6.10576800756671
53,10,1,0,90,34,-3.52184851750587,-2.58391949006084,-6.10576800756671
53,80,1,0,90,34,-3.52184851750587,-2.58391949006084,-6.10576800756671
53,30,1,0,90,34,-3.52184851750587,-2.58391949006084,-6.10576800756671
53,0,1,0,90,34,-3.52184851750587,-2.58391949006084,-6.10576800756671
53,40,1,0,90,34,-3.52184851750587,-2.58391949006084,-6.10576800756671
53,100,1,0.117647058823529,90,34,-3.52184851750587,-1.49226443888077,-5.01411295638664
53,70,1,0,90,34,-3.52184851750587,-2.58391949006084,-6.10576800756671
53,60,1,0,90,34,-3.52184851750587,-2.58391949006084,-6.10576800756671
54,30,1,0,83,44,-3.44272156074805,-2.82888471199254,-6.2716062727406
54,90,1,0,83,44,-3.44272156074805,-2.82888471199254,-6.2716062727406
54,0,1,0,83,44,-3.44272156074805,-2.82888471199254,-6.2716062727406
54,20,1,0.0454545454545455,83,44,-3.44272156074805,-2.00438585379425,-5.4471074145423
54,80,1,0,83,44,-3.44272156074805,-2.82888471199254,-6.2716062727406
54,40,1,0,83,44,-3.44272156074805,-2.82888471199254,-6.2716062727406
54,10,1,0,83,44,-3.44272156074805,-2.82888471199254,-6.2716062727406
54,60,1,0,83,44,-3.44272156074805,-2.82888471199254,-6.2716062727406
54,70,1,0,83,44,-3.44272156074805,-2.82888471199254,-6.2716062727406
54,100,0.91566265060241,0.5,83,44,-2.07091923467789,-1.19963686075869,-3.27055609543658
54,50,1,0,83,44,-3.44272156074805,-2.82888471199254,-6.2716062727406
55,30,1,0,69,55,-3.26278095633506,-3.0432088335923,-6.30598978992737
55,0,1,0,69,55,-3.26278095633506,-3.0432088335923,-6.30598978992737
55,60,1,0,69,55,-3.26278095633506,-3.0432088335923,-6.30598978992737
55,20,1,0,69,55,-3.26278095633506,-3.0432088335923,-6.30598978992737
55,80,1,0,69,55,-3.26278095633506,-3.0432088335923,-6.30598978992737
55,40,1,0,69,55,-3.26278095633506,-3.0432088335923,-6.30598978992737
55,10,1,0,69,55,-3.26278095633506,-3.0432088335923,-6.30598978992737
55,100,0.782608695652174,0.545454545454545,69,55,-1.60059980233939,-1.3087094257238,-2.90930922806319
55,70,1,0,69,55,-3.26278095633506,-3.0432088335923,-6.30598978992737
55,90,1,0,69,55,-3.26278095633506,-3.0432088335923,-6.30598978992737
55,50,1,0,69,55,-3.26278095633506,-3.0432088335923,-6.30598978992737
58,90,1,0,70,57,-3.27676438408361,-3.07768438985673,-6.35444877394033
58,50,1,0,70,57,-3.27676438408361,-3.07768438985673,-6.35444877394033
58,100,0.857142857142857,0.403508771929825,70,57,-1.76655623523521,-1.34012089438997,-3.10667712962518
58,80,1,0,70,57,-3.27676438408361,-3.07768438985673,-6.35444877394033
58,60,1,0,70,57,-3.27676438408361,-3.07768438985673,-6.35444877394033
58,70,1,0,70,57,-3.27676438408361,-3.07768438985673,-6.35444877394033
58,10,1,0,70,57,-3.27676438408361,-3.07768438985673,-6.35444877394033
58,30,1,0,70,57,-3.27676438408361,-3.07768438985673,-6.35444877394033
58,0,1,0,70,57,-3.27676438408361,-3.07768438985673,-6.35444877394033
58,40,1,0,70,57,-3.27676438408361,-3.07768438985673,-6.35444877394033
58,20,1,0,70,57,-3.27676438408361,-3.07768438985673,-6.35444877394033
61,20,1,0,85,47,-3.46597520323024,-2.89203434424127,-6.35800954747151
61,80,1,0,85,47,-3.46597520323024,-2.89203434424127,-6.35800954747151
61,40,1,0,85,47,-3.46597520323024,-2.89203434424127,-6.35800954747151
61,10,1,0,85,47,-3.46597520323024,-2.89203434424127,-6.35800954747151
61,60,1,0,85,47,-3.46597520323024,-2.89203434424127,-6.35800954747151
61,30,0.988235294117647,0.0212765957446809,85,47,-2.89465342513569,-2.32549469996519,-5.22014812510088
61,70,1,0,85,47,-3.46597520323024,-2.89203434424127,-6.35800954747151
61,0,1,0,85,47,-3.46597520323024,-2.89203434424127,-6.35800954747151
61,50,1,0,85,47,-3.46597520323024,-2.89203434424127,-6.35800954747151
61,100,0.988235294117647,0.148936170212766,85,47,-2.89465342513569,-1.55637690185287,-4.45103032698856
61,90,1,0,85,47,-3.46597520323024,-2.89203434424127,-6.35800954747151
63,60,1,0,83,44,-3.44272156074805,-2.82888471199254,-6.2716062727406
63,100,0.903614457831325,0.477272727272727,83,44,-2.01371254558848,-1.20063964364238,-3.21435218923085
63,50,1,0,83,44,-3.44272156074805,-2.82888471199254,-6.2716062727406
63,20,1,0,83,44,-3.44272156074805,-2.82888471199254,-6.2716062727406
63,30,0.963855421686747,0.113636363636364,83,44,-2.43764678444091,-1.63180973662887,-4.06945652106978
63,0,1,0,83,44,-3.44272156074805,-2.82888471199254,-6.2716062727406
63,40,1,0,83,44,-3.44272156074805,-2.82888471199254,-6.2716062727406
63,90,1,0,83,44,-3.44272156074805,-2.82888471199254,-6.2716062727406
63,80,1,0,83,44,-3.44272156074805,-2.82888471199254,-6.2716062727406
63,10,1,0,83,44,-3.44272156074805,-2.82888471199254,-6.2716062727406
63,70,1,0,83,44,-3.44272156074805,-2.82888471199254,-6.2716062727406
65,0,1,0,88,29,-3.49987232478827,-2.43453071499549,-5.93440303978376
65,60,1,0,88,29,-3.49987232478827,-2.43453071499549,-5.93440303978376
65,50,1,0,88,29,-3.49987232478827,-2.43453071499549,-5.93440303978376
65,40,1,0,88,29,-3.49987232478827,-2.43453071499549,-5.93440303978376
65,100,0.886363636363636,0.655172413793103,88,29,-1.97305683064008,-1.05604881727631,-3.02910564791638
65,30,1,0,88,29,-3.49987232478827,-2.43453071499549,-5.93440303978376
65,90,1,0,88,29,-3.49987232478827,-2.43453071499549,-5.93440303978376
65,80,1,0,88,29,-3.49987232478827,-2.43453071499549,-5.93440303978376
65,20,1,0,88,29,-3.49987232478827,-2.43453071499549,-5.93440303978376
65,70,1,0,88,29,-3.49987232478827,-2.43453071499549,-5.93440303978376
65,10,1,0.0344827586206897,88,29,-3.49987232478827,-1.87465550601559,-5.37452783080386
67,20,1,0,77,51,-3.36952933951017,-2.9704744878122,-6.34000382732236
67,10,1,0,77,51,-3.36952933951017,-2.9704744878122,-6.34000382732236
67,60,1,0,77,51,-3.36952933951017,-2.9704744878122,-6.34000382732236
67,0,1,0,77,51,-3.36952933951017,-2.9704744878122,-6.34000382732236
67,90,1,0,77,51,-3.36952933951017,-2.9704744878122,-6.34000382732236
67,50,1,0,77,51,-3.36952933951017,-2.9704744878122,-6.34000382732236
67,100,0.883116883116883,0.490196078431373,77,51,-1.89533755213779,-1.26915489895518,-3.16449245109297
67,40,1,0,77,51,-3.36952933951017,-2.9704744878122,-6.34000382732236
67,80,1,0,77,51,-3.36952933951017,-2.9704744878122,-6.34000382732236
67,30,1,0,77,51,-3.36952933951017,-2.9704744878122,-6.34000382732236
67,70,1,0,77,51,-3.36952933951017,-2.9704744878122,-6.34000382732236
68,90,1,0.0256410256410256,73,39,-3.3175786067178,-2.14953908694821,-5.46711769366601
68,80,1,0,73,39,-3.3175786067178,-2.71387945411394,-6.03145806083174
68,0,1,0.0256410256410256,73,39,-3.3175786067178,-2.14953908694821,-5.46711769366601
68,60,1,0.0256410256410256,73,39,-3.3175786067178,-2.14953908694821,-5.46711769366601
68,100,1,0.230769230769231,73,39,-3.3175786067178,-1.30772558065308,-4.62530418737089
68,70,1,0,73,39,-3.3175786067178,-2.71387945411394,-6.03145806083174
68,50,1,0.0256410256410256,73,39,-3.3175786067178,-2.14953908694821,-5.46711769366601
68,20,1,0.0256410256410256,73,39,-3.3175786067178,-2.14953908694821,-5.46711769366601
68,10,1,0,73,39,-3.3175786067178,-2.71387945411394,-6.03145806083174
68,40,1,0,73,39,-3.3175786067178,-2.71387945411394,-6.03145806083174
68,30,1,0,73,39,-3.3175786067178,-2.71387945411394,-6.03145806083174
71,80,1,0,76,47,-3.35679243484071,-2.89203434424127,-6.24882677908198
71,70,1,0,76,47,-3.35679243484071,-2.89203434424127,-6.24882677908198
71,10,1,0,76,47,-3.35679243484071,-2.89203434424127,-6.24882677908198
71,30,1,0,76,47,-3.35679243484071,-2.89203434424127,-6.24882677908198
71,60,1,0,76,47,-3.35679243484071,-2.89203434424127,-6.24882677908198
71,50,1,0,76,47,-3.35679243484071,-2.89203434424127,-6.24882677908198
71,0,0.894736842105263,0.106382978723404,76,47,-1.93267618538363,-1.69094782359048,-3.6236240089741
71,90,1,0,76,47,-3.35679243484071,-2.89203434424127,-6.24882677908198
71,20,1,0,76,47,-3.35679243484071,-2.89203434424127,-6.24882677908198
71,40,1,0,76,47,-3.35679243484071,-2.89203434424127,-6.24882677908198
71,100,1,0.0851063829787234,76,47,-3.35679243484071,-1.78259509364599,-5.13938752848671
74,30,1,0,77,45,-3.36952933951017,-2.85038052692391,-6.21990986643408
74,0,1,0,77,45,-3.36952933951017,-2.85038052692391,-6.21990986643408
74,10,1,0,77,45,-3.36952933951017,-2.85038052692391,-6.21990986643408
74,20,1,0,77,45,-3.36952933951017,-2.85038052692391,-6.21990986643408
74,100,0.974025974025974,0.444444444444444,77,45,-2.53505176524726,-1.21617486921892,-3.75122663446618
74,50,1,0,77,45,-3.36952933951017,-2.85038052692391,-6.21990986643408
74,90,1,0,77,45,-3.36952933951017,-2.85038052692391,-6.21990986643408
74,60,1,0,77,45,-3.36952933951017,-2.85038052692391,-6.21990986643408
74,80,1,0,77,45,-3.36952933951017,-2.85038052692391,-6.21990986643408
74,40,1,0,77,45,-3.36952933951017,-2.85038052692391,-6.21990986643408
74,70,0.987012987012987,0.0222222222222222,77,45,-2.79882123607393,-2.2843171233651,-5.08313835943903
77,70,1,0.027027027027027,88,37,-3.49987232478827,-2.10026066504963,-5.6001329898379
77,60,1,0.027027027027027,88,37,-3.49987232478827,-2.10026066504963,-5.6001329898379
77,90,1,0,88,37,-3.49987232478827,-2.6639019492001,-6.16377427398837
77,80,1,0,88,37,-3.49987232478827,-2.6639019492001,-6.16377427398837
77,50,0.988636363636364,0,88,37,-2.9283492389489,-2.6639019492001,-5.59225118814899
77,30,0.988636363636364,0,88,37,-2.9283492389489,-2.6639019492001,-5.59225118814899
77,0,1,0,88,37,-3.49987232478827,-2.6639019492001,-6.16377427398837
77,40,0.988636363636364,0,88,37,-2.9283492389489,-2.6639019492001,-5.59225118814899
77,100,1,0,88,37,-3.49987232478827,-2.6639019492001,-6.16377427398837
77,20,0.988636363636364,0,88,37,-2.9283492389489,-2.6639019492001,-5.59225118814899
77,10,1,0,88,37,-3.49987232478827,-2.6639019492001,-6.16377427398837
78,20,1,0,64,61,-3.18977188528027,-3.14326341730316,-6.33303530258343
78,0,1,0,64,61,-3.18977188528027,-3.14326341730316,-6.33303530258343
78,50,0.984375,0,64,61,-2.62038906493416,-3.14326341730316,-5.76365248223732
78,60,1,0,64,61,-3.18977188528027,-3.14326341730316,-6.33303530258343
78,100,0.96875,0.278688524590164,64,61,-2.357983722933,-1.46020310697156,-3.81818682990456
78,10,1,0,64,61,-3.18977188528027,-3.14326341730316,-6.33303530258343
78,90,1,0,64,61,-3.18977188528027,-3.14326341730316,-6.33303530258343
78,30,1,0.0163934426229508,64,61,-3.18977188528027,-2.57426686852475,-5.76403875380501
78,40,1,0.0163934426229508,64,61,-3.18977188528027,-2.57426686852475,-5.76403875380501
78,80,1,0,64,61,-3.18977188528027,-3.14326341730316,-6.33303530258343
78,70,1,0,64,61,-3.18977188528027,-3.14326341730316,-6.33303530258343
82,70,1,0,81,34,-3.41891436921549,-2.58391949006084,-6.00283385927632
82,60,1,0,81,34,-3.41891436921549,-2.58391949006084,-6.00283385927632
82,10,1,0,81,34,-3.41891436921549,-2.58391949006084,-6.00283385927632
82,20,1,0,81,34,-3.41891436921549,-2.58391949006084,-6.00283385927632
82,100,0.901234567901235,0.441176470588235,81,34,-1.99121266267662,-1.08694017023826,-3.07815283291488
82,0,1,0,81,34,-3.41891436921549,-2.58391949006084,-6.00283385927632
82,40,1,0,81,34,-3.41891436921549,-2.58391949006084,-6.00283385927632
82,50,1,0,81,34,-3.41891436921549,-2.58391949006084,-6.00283385927632
82,90,1,0,81,34,-3.41891436921549,-2.58391949006084,-6.00283385927632
82,30,1,0,81,34,-3.41891436921549,-2.58391949006084,-6.00283385927632
82,80,1,0,81,34,-3.41891436921549,-2.58391949006084,-6.00283385927632
83,0,1,0,57,62,-3.07768438985673,-3.15900774226452,-6.23669213212125
83,60,1,0,57,62,-3.07768438985673,-3.15900774226452,-6.23669213212125
83,80,1,0,57,62,-3.07768438985673,-3.15900774226452,-6.23669213212125
83,10,1,0,57,62,-3.07768438985673,-3.15900774226452,-6.23669213212125
83,100,0.315789473684211,0.306451612903226,57,62,-1.39269803158575,-1.44085883849425,-2.83355687008
83,50,1,0,57,62,-3.07768438985673,-3.15900774226452,-6.23669213212125
83,40,1,0,57,62,-3.07768438985673,-3.15900774226452,-6.23669213212125
83,70,1,0,57,62,-3.07768438985673,-3.15900774226452,-6.23669213212125
83,90,1,0,57,62,-3.07768438985673,-3.15900774226452,-6.23669213212125
83,30,1,0,57,62,-3.07768438985673,-3.15900774226452,-6.23669213212125
83,20,1,0,57,62,-3.07768438985673,-3.15900774226452,-6.23669213212125
85,80,1,0,71,47,-3.29055500790491,-2.89203434424127,-6.18258935214618
85,20,1,0,71,47,-3.29055500790491,-2.89203434424127,-6.18258935214618
85,70,1,0,71,47,-3.29055500790491,-2.89203434424127,-6.18258935214618
85,10,1,0,71,47,-3.29055500790491,-2.89203434424127,-6.18258935214618
85,90,1,0,71,47,-3.29055500790491,-2.89203434424127,-6.18258935214618
85,60,1,0,71,47,-3.29055500790491,-2.89203434424127,-6.18258935214618
85,50,1,0,71,47,-3.29055500790491,-2.89203434424127,-6.18258935214618
85,0,1,0,71,47,-3.29055500790491,-2.89203434424127,-6.18258935214618
85,30,1,0,71,47,-3.29055500790491,-2.89203434424127,-6.18258935214618
85,40,1,0,71,47,-3.29055500790491,-2.89203434424127,-6.18258935214618
85,100,1,0,71,47,-3.29055500790491,-2.89203434424127,-6.18258935214618
86,80,0.98936170212766,0,94,34,-2.99251612243302,-2.58391949006084,-5.57643561249385
86,60,1,0,94,34,-3.56440320739006,-2.58391949006084,-6.14832269745089
86,100,1,0.176470588235294,94,34,-3.56440320739006,-1.33740209898048,-4.90180530637053
86,70,1,0.0588235294117647,94,34,-3.56440320739006,-1.76634697440747,-5.33075018179753
86,90,1,0,94,34,-3.56440320739006,-2.58391949006084,-6.14832269745089
86,30,1,0,94,34,-3.56440320739006,-2.58391949006084,-6.14832269745089
86,40,0.978723404255319,0,94,34,-2.72753925597141,-2.58391949006084,-5.31145874603224
86,20,1,0.0588235294117647,94,34,-3.56440320739006,-1.76634697440747,-5.33075018179753
86,0,0.98936170212766,0.0882352941176471,94,34,-2.99251612243302,-1.60622539310258,-4.59874151553559
86,50,1,0,94,34,-3.56440320739006,-2.58391949006084,-6.14832269745089
86,10,0.98936170212766,0.0882352941176471,94,34,-2.99251612243302,-1.60622539310258,-4.59874151553559
89,20,0.9875,0,80,49,-2.83584218941303,-2.93202300542816,-5.76786519484119
89,70,0.9625,0.102040816326531,80,49,-2.4024178099674,-1.72854845463934,-4.13096626460674
89,10,1,0,80,49,-3.40679483368478,-2.93202300542816,-6.33881783911295
89,50,1,0,80,49,-3.40679483368478,-2.93202300542816,-6.33881783911295
89,60,1,0.0612244897959184,80,49,-3.40679483368478,-1.93998418414768,-5.34677901783246
89,100,0.6,0.530612244897959,80,49,-1.50380435643422,-1.25194542145334,-2.75574977788756
89,0,0.9,0.0816326530612245,80,49,-1.97977253899813,-1.8207164372989,-3.80048897629703
89,80,1,0,80,49,-3.40679483368478,-2.93202300542816,-6.33881783911295
89,90,1,0,80,49,-3.40679483368478,-2.93202300542816,-6.33881783911295
89,40,1,0,80,49,-3.40679483368478,-2.93202300542816,-6.33881783911295
89,30,1,0,80,49,-3.40679483368478,-2.93202300542816,-6.33881783911295
90,50,1,0.0185185185185185,70,54,-3.27676438408361,-2.45758717475277,-5.73435155883638
90,80,1,0.0185185185185185,70,54,-3.27676438408361,-2.45758717475277,-5.73435155883638
90,60,1,0.0185185185185185,70,54,-3.27676438408361,-2.45758717475277,-5.73435155883638
90,30,1,0,70,54,-3.27676438408361,-3.02551500341428,-6.30227938749789
90,70,0.985714285714286,0,70,54,-2.70670858278055,-3.02551500341428,-5.73222358619483
90,40,1,0.0185185185185185,70,54,-3.27676438408361,-2.45758717475277,-5.73435155883638
90,100,0.9,0.537037037037037,70,54,-1.91350908831197,-1.29865638813271,-3.21216547644468
90,20,1,0,70,54,-3.27676438408361,-3.02551500341428,-6.30227938749789
90,90,0.985714285714286,0,70,54,-2.70670858278055,-3.02551500341428,-5.73222358619483
90,10,1,0.0185185185185185,70,54,-3.27676438408361,-2.45758717475277,-5.73435155883638
90,0,0.985714285714286,0.0555555555555556,70,54,-2.70670858278055,-2.03050620549416,-4.73721478827471
95,60,1,0,93,29,-3.55393308014231,-2.43453071499549,-5.9884637951378
95,20,1,0,93,29,-3.55393308014231,-2.43453071499549,-5.9884637951378
95,90,1,0,93,29,-3.55393308014231,-2.43453071499549,-5.9884637951378
95,10,1,0,93,29,-3.55393308014231,-2.43453071499549,-5.9884637951378
95,50,1,0,93,29,-3.55393308014231,-2.43453071499549,-5.9884637951378
95,0,1,0,93,29,-3.55393308014231,-2.43453071499549,-5.9884637951378
95,40,1,0,93,29,-3.55393308014231,-2.43453071499549,-5.9884637951378
95,70,1,0,93,29,-3.55393308014231,-2.43453071499549,-5.9884637951378
95,30,1,0,93,29,-3.55393308014231,-2.43453071499549,-5.9884637951378
95,100,1,0,93,29,-3.55393308014231,-2.43453071499549,-5.9884637951378
95,80,1,0,93,29,-3.55393308014231,-2.43453071499549,-5.9884637951378
96,100,0.6875,0.636363636363636,80,44,-1.55815223210152,-1.23706629432903,-2.79521852643055
96,80,1,0,80,44,-3.40679483368478,-2.82888471199254,-6.23567954567733
96,20,1,0,80,44,-3.40679483368478,-2.82888471199254,-6.23567954567733
96,10,1,0,80,44,-3.40679483368478,-2.82888471199254,-6.23567954567733
96,0,1,0,80,44,-3.40679483368478,-2.82888471199254,-6.23567954567733
96,40,1,0,80,44,-3.40679483368478,-2.82888471199254,-6.23567954567733
96,90,1,0,80,44,-3.40679483368478,-2.82888471199254,-6.23567954567733
96,60,1,0,80,44,-3.40679483368478,-2.82888471199254,-6.23567954567733
96,50,1,0,80,44,-3.40679483368478,-2.82888471199254,-6.23567954567733
96,70,1,0,80,44,-3.40679483368478,-2.82888471199254,-6.23567954567733
96,30,1,0,80,44,-3.40679483368478,-2.82888471199254,-6.23567954567733
100,10,1,0,84,36,-3.45441596237265,-2.63794493967123,-6.09236090204388
100,0,1,0,84,36,-3.45441596237265,-2.63794493967123,-6.09236090204388
100,50,1,0,84,36,-3.45441596237265,-2.63794493967123,-6.09236090204388
100,100,1,0.0555555555555556,84,36,-3.45441596237265,-1.81867334959455,-5.2730893119672
100,30,1,0,84,36,-3.45441596237265,-2.63794493967123,-6.09236090204388
100,70,1,0,84,36,-3.45441596237265,-2.63794493967123,-6.09236090204388
100,40,1,0,84,36,-3.45441596237265,-2.63794493967123,-6.09236090204388
100,90,1,0,84,36,-3.45441596237265,-2.63794493967123,-6.09236090204388
100,60,1,0,84,36,-3.45441596237265,-2.63794493967123,-6.09236090204388
100,20,1,0,84,36,-3.45441596237265,-2.63794493967123,-6.09236090204388
100,80,1,0,84,36,-3.45441596237265,-2.63794493967123,-6.09236090204388
