"Model","Gamma","HV_mean","HV_lwr","HV_upr"
"bio",0,0.330987861853507,0.319747817891218,0.340761244969613
"wsls",0,0.331406706232592,0.321768836328049,0.341072747261705
"qlearn",0,0.331009883686624,0.32076378739447,0.339682480577047
"bio",0.25,0.314620570159026,0.303945423111159,0.323709213772717
"wsls",0.25,0.378640081298671,0.369797670993187,0.386886413945647
"qlearn",0.25,0.362634567354284,0.350030343666137,0.373731267248998
"bio",0.5,0.285736161727064,0.276588997700515,0.294991305564057
"wsls",0.5,0.324823203991619,0.317504734233369,0.33166444602264
"qlearn",0.5,0.312220825476401,0.300604647163986,0.322426731293396
"bio",0.75,0.247950593245491,0.239364456964335,0.255722869145142
"wsls",0.75,0.201395139808706,0.196911553251853,0.2055031404328
"qlearn",0.75,0.218783564496442,0.211306711737993,0.225972650421282
"bio",1,0.201177950530956,0.194373810712563,0.207575010676604
"wsls",1,0.0207812794520693,0.0203256462958735,0.0211770127639567
"qlearn",1,0.0861295343317757,0.0830047976998162,0.0889294242994108
