"Subject","Condition","Variable","Efficiency"
52,"Intact","Value",4.33037541171704
52,"Intact","State",3.43194134080813
52,"Intact","Volatility",3.91667698051422
52,"Intact","Action",1.32451608417597
52,"Lesion_Kappa","Value",3.57954711934933
52,"Lesion_Kappa","State",2.42780517701406
52,"Lesion_Kappa","Volatility",4.16812144260748
52,"Lesion_Kappa","Action",1.43110330489934
52,"Lesion_Thal","Value",0.0840822551830927
52,"Lesion_Thal","State",0.0315053802640158
52,"Lesion_Thal","Volatility",0.0501672306788836
52,"Lesion_Thal","Action",0.0443072650710976
65,"Intact","Value",3.90072221036294
65,"Intact","State",2.31597438907648
65,"Intact","Volatility",4.03496042492305
65,"Intact","Action",7.91639577827218e-15
65,"Lesion_Kappa","Value",1.36298993537979
65,"Lesion_Kappa","State",0.811937830889526
65,"Lesion_Kappa","Volatility",2.53880067352891
65,"Lesion_Kappa","Action",7.02114566489828e-15
65,"Lesion_Thal","Value",0.110294140611662
65,"Lesion_Thal","State",0.0479970267721843
65,"Lesion_Thal","Volatility",0.0506615444341845
65,"Lesion_Thal","Action",0.0847299042421881
27,"Intact","Value",3.57488490611095
27,"Intact","State",2.1281088645123
27,"Intact","Volatility",3.56769237298495
27,"Intact","Action",-1.18230174957268e-14
27,"Lesion_Kappa","Value",2.54496039403323
27,"Lesion_Kappa","State",1.37279647705755
27,"Lesion_Kappa","Volatility",2.91801606189752
27,"Lesion_Kappa","Action",-1.05168459252423e-14
27,"Lesion_Thal","Value",0.116495788123415
27,"Lesion_Thal","State",0.0544603873613196
27,"Lesion_Thal","Volatility",0.0813520539139711
27,"Lesion_Thal","Action",0.0388311824589568
74,"Intact","Value",3.64391725297515
74,"Intact","State",2.66300053395147
74,"Intact","Volatility",4.5355019860035
74,"Intact","Action",0.00617980637446071
74,"Lesion_Kappa","Value",0.901192620270161
74,"Lesion_Kappa","State",0.503232165037658
74,"Lesion_Kappa","Volatility",0.989907815963382
74,"Lesion_Kappa","Action",0.372863272040125
74,"Lesion_Thal","Value",0.106169986523309
74,"Lesion_Thal","State",0.0650987887599042
74,"Lesion_Thal","Volatility",0.0415078569693551
74,"Lesion_Thal","Action",0.101380186689244
20,"Intact","Value",2.63801168953122
20,"Intact","State",1.40187364513349
20,"Intact","Volatility",2.85590762678077
20,"Intact","Action",0.0951500106605219
20,"Lesion_Kappa","Value",1.83832350958019
20,"Lesion_Kappa","State",0.100696656659941
20,"Lesion_Kappa","Volatility",0.335411879985628
20,"Lesion_Kappa","Action",0.277448412571477
20,"Lesion_Thal","Value",0.0562362264108265
20,"Lesion_Thal","State",0.0406665826014903
20,"Lesion_Thal","Volatility",0.0251061715384887
20,"Lesion_Thal","Action",0.0276514253951191
100,"Intact","Value",3.24376344442018
100,"Intact","State",2.30901757545335
100,"Intact","Volatility",3.08340350218525
100,"Intact","Action",4.07356589048568e-15
100,"Lesion_Kappa","Value",1.50007417643608
100,"Lesion_Kappa","State",0.904633933706757
100,"Lesion_Kappa","Volatility",2.71228785396129
100,"Lesion_Kappa","Action",0.367396371353895
100,"Lesion_Thal","Value",0.154410034902633
100,"Lesion_Thal","State",0.0793287739571511
100,"Lesion_Thal","Volatility",0.0174361658418471
100,"Lesion_Thal","Action",0.0772005521086905
50,"Intact","Value",4.07608337915606
50,"Intact","State",3.11056463699296
50,"Intact","Volatility",3.5843897046875
50,"Intact","Action",-1.7774351856292e-15
50,"Lesion_Kappa","Value",2.80795053364836
50,"Lesion_Kappa","State",0.901719237474168
50,"Lesion_Kappa","Volatility",0.407149206526381
50,"Lesion_Kappa","Action",0.0233687693138539
50,"Lesion_Thal","Value",0.0173216370153167
50,"Lesion_Thal","State",0.0273492286669862
50,"Lesion_Thal","Volatility",0
50,"Lesion_Thal","Action",-4.73207682524207e-17
26,"Intact","Value",3.89492755670774
26,"Intact","State",0.654918948535326
26,"Intact","Volatility",4.04468425990282
26,"Intact","Action",8.07251963471887e-16
26,"Lesion_Kappa","Value",4.97787356786945
26,"Lesion_Kappa","State",1.54788956476916
26,"Lesion_Kappa","Volatility",4.17789025203563
26,"Lesion_Kappa","Action",0.00776908348116772
26,"Lesion_Thal","Value",0
26,"Lesion_Thal","State",0.0749492210190923
26,"Lesion_Thal","Volatility",1.95706585202105e-17
26,"Lesion_Thal","Action",0.00784983936103038
71,"Intact","Value",3.0723270864309
71,"Intact","State",2.22224217753264
71,"Intact","Volatility",3.4554583095653
71,"Intact","Action",1.86616539707992e-15
71,"Lesion_Kappa","Value",3.25901470621762
71,"Lesion_Kappa","State",1.83150079760617
71,"Lesion_Kappa","Volatility",4.50728246229835
71,"Lesion_Kappa","Action",2.64766681388082e-15
71,"Lesion_Thal","Value",0.063185911361281
71,"Lesion_Thal","State",0.0439087254248476
71,"Lesion_Thal","Volatility",0.0550652244537332
71,"Lesion_Thal","Action",0.00588671598446627
90,"Intact","Value",3.48461406092418
90,"Intact","State",2.18407003729296
90,"Intact","Volatility",3.44471947507434
90,"Intact","Action",0.175251599355752
90,"Lesion_Kappa","Value",1.96712577843008
90,"Lesion_Kappa","State",2.5127129269809
90,"Lesion_Kappa","Volatility",3.18834518834159
90,"Lesion_Kappa","Action",4.07335272536905e-15
90,"Lesion_Thal","Value",0.0675859555331331
90,"Lesion_Thal","State",0.0485932323797146
90,"Lesion_Thal","Volatility",0.0507899740382972
90,"Lesion_Thal","Action",0.0457024054753179
39,"Intact","Value",0.0551015070387896
39,"Intact","State",0.0332642310619764
39,"Intact","Volatility",0.0510884978939065
39,"Intact","Action",0.00381865853344973
39,"Lesion_Kappa","Value",6.79371847276035
39,"Lesion_Kappa","State",3.29487521513546
39,"Lesion_Kappa","Volatility",5.72576470880149
39,"Lesion_Kappa","Action",0.507544697625289
39,"Lesion_Thal","Value",0.0371362836195222
39,"Lesion_Thal","State",0.0129320668973244
39,"Lesion_Thal","Volatility",0
39,"Lesion_Thal","Action",0.00729922196064668
22,"Intact","Value",2.73250287511157
22,"Intact","State",0.512622919826704
22,"Intact","Volatility",2.30714546879079
22,"Intact","Action",0.279021727038396
22,"Lesion_Kappa","Value",4.01238843966012
22,"Lesion_Kappa","State",2.30152695510461
22,"Lesion_Kappa","Volatility",2.22520819072956
22,"Lesion_Kappa","Action",0.264931120981064
22,"Lesion_Thal","Value",0.00358996157400588
22,"Lesion_Thal","State",0
22,"Lesion_Thal","Volatility",0
22,"Lesion_Thal","Action",-4.15040941207453e-16
28,"Intact","Value",2.85235161009964
28,"Intact","State",1.87857274533707
28,"Intact","Volatility",3.23554701251392
28,"Intact","Action",0.250650661136305
28,"Lesion_Kappa","Value",2.29114632908621
28,"Lesion_Kappa","State",0.991777462585363
28,"Lesion_Kappa","Volatility",3.0229395055148
28,"Lesion_Kappa","Action",0.278996359947853
28,"Lesion_Thal","Value",0.0811821885264663
28,"Lesion_Thal","State",0.0378134275485564
28,"Lesion_Thal","Volatility",0.0583647992215906
28,"Lesion_Thal","Action",0.0362185503715783
3,"Intact","Value",4.28614489687481
3,"Intact","State",3.3977181835113
3,"Intact","Volatility",4.44417274551769
3,"Intact","Action",0.282438079992728
3,"Lesion_Kappa","Value",8.39703165135035
3,"Lesion_Kappa","State",5.76740709730038
3,"Lesion_Kappa","Volatility",7.72219120363549
3,"Lesion_Kappa","Action",1.08478866434458
3,"Lesion_Thal","Value",0.0993425007665171
3,"Lesion_Thal","State",0.0805220850572654
3,"Lesion_Thal","Volatility",0.0282118901205041
3,"Lesion_Thal","Action",0.0953171108432496
10,"Intact","Value",2.41295000686123
10,"Intact","State",1.95885942091233
10,"Intact","Volatility",2.70752101988643
10,"Intact","Action",0.357848446119756
10,"Lesion_Kappa","Value",1.78443393110516
10,"Lesion_Kappa","State",1.44194876064943
10,"Lesion_Kappa","Volatility",0
10,"Lesion_Kappa","Action",0.136254808189648
10,"Lesion_Thal","Value",0.0819804617776401
10,"Lesion_Thal","State",0.0503114064726231
10,"Lesion_Thal","Volatility",0.0436686888219828
10,"Lesion_Thal","Action",0.0660313499938
29,"Intact","Value",0.274595046454124
29,"Intact","State",0.16256212398852
29,"Intact","Volatility",0.805119599827307
29,"Intact","Action",5.32542267262396e-15
29,"Lesion_Kappa","Value",3.84966577735289
29,"Lesion_Kappa","State",3.0795590301452
29,"Lesion_Kappa","Volatility",3.76875654378886
29,"Lesion_Kappa","Action",1.00533116193567e-14
29,"Lesion_Thal","Value",0.041288059481904
29,"Lesion_Thal","State",0.0274671486693963
29,"Lesion_Thal","Volatility",0.0210214021261761
29,"Lesion_Thal","Action",0.0285648280970651
38,"Intact","Value",3.93035539789878
38,"Intact","State",4.18438128998709
38,"Intact","Volatility",3.62239828633429
38,"Intact","Action",7.43286676219197e-15
38,"Lesion_Kappa","Value",3.16597361115422
38,"Lesion_Kappa","State",4.34863569278463
38,"Lesion_Kappa","Volatility",0.0336615824378078
38,"Lesion_Kappa","Action",7.8868066089622e-15
38,"Lesion_Thal","Value",0.0766301605042148
38,"Lesion_Thal","State",0.0443291723144863
38,"Lesion_Thal","Volatility",0.00585337808208455
38,"Lesion_Thal","Action",0.0559001535199625
5,"Intact","Value",3.54167515544144
5,"Intact","State",2.30163454813425
5,"Intact","Volatility",3.1545757412098
5,"Intact","Action",0.203192245829902
5,"Lesion_Kappa","Value",2.79337407904234
5,"Lesion_Kappa","State",1.44258873117022
5,"Lesion_Kappa","Volatility",2.69041675282612
5,"Lesion_Kappa","Action",0.986608966628707
5,"Lesion_Thal","Value",0.0668381843081055
5,"Lesion_Thal","State",0.0569351586848974
5,"Lesion_Thal","Volatility",0.0283844631757036
5,"Lesion_Thal","Action",0.0426240300515673
36,"Intact","Value",5.2790099637963
36,"Intact","State",0.637608327000468
36,"Intact","Volatility",0.0662024009079806
36,"Intact","Action",1.60024594696535
36,"Lesion_Kappa","Value",6.5793568910383
36,"Lesion_Kappa","State",1.23504329398458
36,"Lesion_Kappa","Volatility",6.7173146199292
36,"Lesion_Kappa","Action",1.82290327693128
36,"Lesion_Thal","Value",0.139178780704955
36,"Lesion_Thal","State",0.0796261771491762
36,"Lesion_Thal","Volatility",0.0559337566706303
36,"Lesion_Thal","Action",0.0842687338127333
77,"Intact","Value",1.29510530272857
77,"Intact","State",0.0342476974446379
77,"Intact","Volatility",0.564814953843327
77,"Intact","Action",0.0821133343401179
77,"Lesion_Kappa","Value",0.967183391760569
77,"Lesion_Kappa","State",0
77,"Lesion_Kappa","Volatility",1.39259494230132
77,"Lesion_Kappa","Action",0.0981968847695387
77,"Lesion_Thal","Value",0.086264809997442
77,"Lesion_Thal","State",0.0352216758099194
77,"Lesion_Thal","Volatility",0.0431388668690209
77,"Lesion_Thal","Action",0.00627085208217285
58,"Intact","Value",3.23697565888732
58,"Intact","State",2.35699515417937
58,"Intact","Volatility",3.3466686443116
58,"Intact","Action",0.334151015587944
58,"Lesion_Kappa","Value",0.586756151222258
58,"Lesion_Kappa","State",1.03342997200093
58,"Lesion_Kappa","Volatility",0.679992891371555
58,"Lesion_Kappa","Action",-2.43402940513612e-15
58,"Lesion_Thal","Value",0.0255440318102612
58,"Lesion_Thal","State",0.040302100946779
58,"Lesion_Thal","Volatility",0.0155050429758415
58,"Lesion_Thal","Action",0.0261215152582958
11,"Intact","Value",3.25320083903827
11,"Intact","State",1.15942668635928
11,"Intact","Volatility",3.63780027677518
11,"Intact","Action",0.0976314129584757
11,"Lesion_Kappa","Value",1.97827953157963
11,"Lesion_Kappa","State",0.36922288299118
11,"Lesion_Kappa","Volatility",3.14255267280095
11,"Lesion_Kappa","Action",0.434746962993164
11,"Lesion_Thal","Value",0.115533229075869
11,"Lesion_Thal","State",0.0459655118022593
11,"Lesion_Thal","Volatility",0.0359810186436679
11,"Lesion_Thal","Action",0.0947468755564966
89,"Intact","Value",2.53515677313745
89,"Intact","State",1.17697697644506
89,"Intact","Volatility",2.41533749717967
89,"Intact","Action",0.068859870168365
89,"Lesion_Kappa","Value",3.36238260367159
89,"Lesion_Kappa","State",2.06093243779501
89,"Lesion_Kappa","Volatility",3.23591740843663
89,"Lesion_Kappa","Action",0.00431136923826382
89,"Lesion_Thal","Value",0.0543272344122684
89,"Lesion_Thal","State",0.0495562508446845
89,"Lesion_Thal","Volatility",0.0313453242159585
89,"Lesion_Thal","Action",0.013290695328024
32,"Intact","Value",4.41915912162565
32,"Intact","State",2.70971889472945
32,"Intact","Volatility",4.19725572639284
32,"Intact","Action",1.77740806196601
32,"Lesion_Kappa","Value",0.286389208973493
32,"Lesion_Kappa","State",0
32,"Lesion_Kappa","Volatility",1.74857418132082
32,"Lesion_Kappa","Action",1.48851548788189e-15
32,"Lesion_Thal","Value",0.11198577882974
32,"Lesion_Thal","State",0.0471025235735046
32,"Lesion_Thal","Volatility",0.0480698306619155
32,"Lesion_Thal","Action",0.103658713455063
46,"Intact","Value",3.45316796267846
46,"Intact","State",2.51716534231909
46,"Intact","Volatility",2.49051318283222
46,"Intact","Action",0.396054340527853
46,"Lesion_Kappa","Value",6.09754017417804
46,"Lesion_Kappa","State",3.83854602008222
46,"Lesion_Kappa","Volatility",6.21421373798689
46,"Lesion_Kappa","Action",0.372637325229566
46,"Lesion_Thal","Value",0.0854248096520668
46,"Lesion_Thal","State",0.0579770591484094
46,"Lesion_Thal","Volatility",0.0345513741854255
46,"Lesion_Thal","Action",0.051599855226849
17,"Intact","Value",1.06411550027625
17,"Intact","State",0.887395272579434
17,"Intact","Volatility",0.0746901942021827
17,"Intact","Action",2.3034174950083e-15
17,"Lesion_Kappa","Value",1.34848863364125
17,"Lesion_Kappa","State",0.775694603903971
17,"Lesion_Kappa","Volatility",1.85370641657327
17,"Lesion_Kappa","Action",2.76539374870623e-15
17,"Lesion_Thal","Value",0.0982328408018697
17,"Lesion_Thal","State",0.0551010992878851
17,"Lesion_Thal","Volatility",0
17,"Lesion_Thal","Action",0.0258812684618158
24,"Intact","Value",6.38596463033102
24,"Intact","State",3.10823297324151
24,"Intact","Volatility",6.27110435111321
24,"Intact","Action",0.739856947815103
24,"Lesion_Kappa","Value",1.20994721212897
24,"Lesion_Kappa","State",0.0683880762962673
24,"Lesion_Kappa","Volatility",1.70441351708685
24,"Lesion_Kappa","Action",0.157695073041793
24,"Lesion_Thal","Value",0.0758054727562013
24,"Lesion_Thal","State",0.0244791580129692
24,"Lesion_Thal","Volatility",0.0363978753279967
24,"Lesion_Thal","Action",0.0382043833137236
82,"Intact","Value",2.88037698231707
82,"Intact","State",2.01498065753925
82,"Intact","Volatility",0.267767355994963
82,"Intact","Action",-8.30037520992779e-16
82,"Lesion_Kappa","Value",1.44804242020144
82,"Lesion_Kappa","State",1.02760734116351
82,"Lesion_Kappa","Volatility",0.0335603727686806
82,"Lesion_Kappa","Action",0.0104131529751362
82,"Lesion_Thal","Value",0.0889148613306244
82,"Lesion_Thal","State",0.0337657708775638
82,"Lesion_Thal","Volatility",0.0279349482380423
82,"Lesion_Thal","Action",0.0865603382433675
9,"Intact","Value",4.69027988129135
9,"Intact","State",0
9,"Intact","Volatility",4.63103075315917
9,"Intact","Action",0.658848694632845
9,"Lesion_Kappa","Value",3.42554002318324
9,"Lesion_Kappa","State",1.63858392091478
9,"Lesion_Kappa","Volatility",3.33377205731947
9,"Lesion_Kappa","Action",0.418661478708437
9,"Lesion_Thal","Value",0.076936012366155
9,"Lesion_Thal","State",0.0448675643671409
9,"Lesion_Thal","Volatility",0.0365622555713899
9,"Lesion_Thal","Action",0.0756285100579148
86,"Intact","Value",0.294663814469061
86,"Intact","State",0.351533341865941
86,"Intact","Volatility",0.0678445175525777
86,"Intact","Action",0.194714227365991
86,"Lesion_Kappa","Value",0.219896265603262
86,"Lesion_Kappa","State",0.371740477794326
86,"Lesion_Kappa","Volatility",0.70637990365461
86,"Lesion_Kappa","Action",0.267214649031677
86,"Lesion_Thal","Value",0.178322408037161
86,"Lesion_Thal","State",0.04437760923023
86,"Lesion_Thal","Volatility",0.0450010289614868
86,"Lesion_Thal","Action",0.0750749005921558
68,"Intact","Value",3.16440360913905
68,"Intact","State",1.18424523426813
68,"Intact","Volatility",2.90352056112393
68,"Intact","Action",0.738843713797627
68,"Lesion_Kappa","Value",2.75697213253537
68,"Lesion_Kappa","State",1.27416949990994
68,"Lesion_Kappa","Volatility",2.53608771095957
68,"Lesion_Kappa","Action",0.00728853735379683
68,"Lesion_Thal","Value",0.0640334044724772
68,"Lesion_Thal","State",0.0633302483925363
68,"Lesion_Thal","Volatility",0.0430305056395517
68,"Lesion_Thal","Action",0.0498244920629443
96,"Intact","Value",2.76255201631685
96,"Intact","State",1.88062244325617
96,"Intact","Volatility",1.19724052673523
96,"Intact","Action",0.110968530373436
96,"Lesion_Kappa","Value",1.00304907568554
96,"Lesion_Kappa","State",1.14181184296906
96,"Lesion_Kappa","Volatility",2.9867486540399
96,"Lesion_Kappa","Action",0.0153156565283579
96,"Lesion_Thal","Value",0.0737850160101959
96,"Lesion_Thal","State",0.0357587417546543
96,"Lesion_Thal","Volatility",0
96,"Lesion_Thal","Action",0.0276076466310675
4,"Intact","Value",2.12289465820318
4,"Intact","State",0.189238732037711
4,"Intact","Volatility",3.09963937097899
4,"Intact","Action",-6.62845115606474e-15
4,"Lesion_Kappa","Value",2.46697940226697
4,"Lesion_Kappa","State",1.86582242939615
4,"Lesion_Kappa","Volatility",1.9182343865221
4,"Lesion_Kappa","Action",-6.99883830978453e-15
4,"Lesion_Thal","Value",0.0750972487606344
4,"Lesion_Thal","State",0.0492519978407142
4,"Lesion_Thal","Volatility",0.0437964953079451
4,"Lesion_Thal","Action",0.0695279098339183
53,"Intact","Value",2.73570153244605
53,"Intact","State",2.19223468898725
53,"Intact","Volatility",2.90164946830808
53,"Intact","Action",5.78467668401445e-16
53,"Lesion_Kappa","Value",4.44041130020514
53,"Lesion_Kappa","State",2.85669350762151
53,"Lesion_Kappa","Volatility",4.6166732631095
53,"Lesion_Kappa","Action",0.0205619303808567
53,"Lesion_Thal","Value",0.107736499549794
53,"Lesion_Thal","State",0.0420622693478161
53,"Lesion_Thal","Volatility",0.0707423808239099
53,"Lesion_Thal","Action",0.0656295834842551
95,"Intact","Value",5.11913457922152
95,"Intact","State",2.45036058284447
95,"Intact","Volatility",5.86125918059984
95,"Intact","Action",9.69406488039652e-15
95,"Lesion_Kappa","Value",4.41157067115709
95,"Lesion_Kappa","State",1.19514975502603
95,"Lesion_Kappa","Volatility",4.10469641578045
95,"Lesion_Kappa","Action",0.0076846558855266
95,"Lesion_Thal","Value",0.117244682759831
95,"Lesion_Thal","State",0.0547075785591619
95,"Lesion_Thal","Volatility",0.0483704702837972
95,"Lesion_Thal","Action",0.0477108177854846
78,"Intact","Value",3.37848115521607
78,"Intact","State",2.01059332456143
78,"Intact","Volatility",3.05012323751079
78,"Intact","Action",-5.90652980413641e-15
78,"Lesion_Kappa","Value",3.1903799630877
78,"Lesion_Kappa","State",2.25305585493796
78,"Lesion_Kappa","Volatility",2.93552424471358
78,"Lesion_Kappa","Action",0.00466047161134138
78,"Lesion_Thal","Value",0.048369286387884
78,"Lesion_Thal","State",0.0800365890848877
78,"Lesion_Thal","Volatility",0.00581247117621433
78,"Lesion_Thal","Action",0.00981364044006585
67,"Intact","Value",2.8701902058932
67,"Intact","State",1.43673960008919
67,"Intact","Volatility",2.2817279082429
67,"Intact","Action",0.184728245921058
67,"Lesion_Kappa","Value",2.90005600246323
67,"Lesion_Kappa","State",2.03619533898688
67,"Lesion_Kappa","Volatility",2.75289360475194
67,"Lesion_Kappa","Action",0.0025977169157713
67,"Lesion_Thal","Value",0.116774779128427
67,"Lesion_Thal","State",0.0871418852113766
67,"Lesion_Thal","Volatility",0.0132490880822619
67,"Lesion_Thal","Action",0.0762548771024596
7,"Intact","Value",1.53382346481284
7,"Intact","State",1.74937955028818
7,"Intact","Volatility",3.82779004545644
7,"Intact","Action",1.11365320968113
7,"Lesion_Kappa","Value",2.00870932578892
7,"Lesion_Kappa","State",0.771929760922336
7,"Lesion_Kappa","Volatility",2.65966088487537
7,"Lesion_Kappa","Action",2.3196066224212e-15
7,"Lesion_Thal","Value",0.0851910371500326
7,"Lesion_Thal","State",0.0318941580269859
7,"Lesion_Thal","Volatility",0.0471222690530282
7,"Lesion_Thal","Action",0.0543808266952836
63,"Intact","Value",4.81680654096407
63,"Intact","State",2.24177773744786
63,"Intact","Volatility",4.62357889282692
63,"Intact","Action",0.226765028702274
63,"Lesion_Kappa","Value",3.84233010561069
63,"Lesion_Kappa","State",2.63213849081982
63,"Lesion_Kappa","Volatility",3.95599545027043
63,"Lesion_Kappa","Action",0.00762865262484071
63,"Lesion_Thal","Value",0.0877691263998895
63,"Lesion_Thal","State",0.0475454785008309
63,"Lesion_Thal","Volatility",0.0412506962917712
63,"Lesion_Thal","Action",0.0347437126317015
2,"Intact","Value",3.22724969329882
2,"Intact","State",2.84194962271522
2,"Intact","Volatility",3.49673364060093
2,"Intact","Action",0.00473731368823465
2,"Lesion_Kappa","Value",2.11787933921213
2,"Lesion_Kappa","State",1.89346709593647
2,"Lesion_Kappa","Volatility",2.34579046265549
2,"Lesion_Kappa","Action",0.381453357687657
2,"Lesion_Thal","Value",0.0622726298199923
2,"Lesion_Thal","State",0.0317420714001015
2,"Lesion_Thal","Volatility",0.0389981335621634
2,"Lesion_Thal","Action",0.0293707673966217
44,"Intact","Value",4.5725351680735
44,"Intact","State",3.11918178535037
44,"Intact","Volatility",4.20948944038908
44,"Intact","Action",0.00434905307478981
44,"Lesion_Kappa","Value",2.41459841478861
44,"Lesion_Kappa","State",0.919847162404473
44,"Lesion_Kappa","Volatility",3.16941145004149
44,"Lesion_Kappa","Action",0.0746191255351503
44,"Lesion_Thal","Value",0.104078664974109
44,"Lesion_Thal","State",0.0412252596548902
44,"Lesion_Thal","Volatility",0.0220414734994822
44,"Lesion_Thal","Action",0.0562602385492277
83,"Intact","Value",5.32586686138394
83,"Intact","State",3.90286482760755
83,"Intact","Volatility",0.197306616001411
83,"Intact","Action",-5.33598994172618e-15
83,"Lesion_Kappa","Value",1.43325011189435
83,"Lesion_Kappa","State",1.10251809864837
83,"Lesion_Kappa","Volatility",0.214046904891227
83,"Lesion_Kappa","Action",-2.19264494741756e-15
83,"Lesion_Thal","Value",0.0126596687858599
83,"Lesion_Thal","State",0.0451103495959098
83,"Lesion_Thal","Volatility",0.0213514919110528
83,"Lesion_Thal","Action",0.0124182589041775
54,"Intact","Value",3.64029862130988
54,"Intact","State",2.73007337435713
54,"Intact","Volatility",4.11223608782232
54,"Intact","Action",1.80688097762927e-15
54,"Lesion_Kappa","Value",3.29974138968046
54,"Lesion_Kappa","State",2.05676996248302
54,"Lesion_Kappa","Volatility",3.90440150651265
54,"Lesion_Kappa","Action",0.628129559241868
54,"Lesion_Thal","Value",0.114544598161201
54,"Lesion_Thal","State",0.0205398062441801
54,"Lesion_Thal","Volatility",0.0614373441646307
54,"Lesion_Thal","Action",0.0796778127162172
23,"Intact","Value",6.15771999125959
23,"Intact","State",3.747487896559
23,"Intact","Volatility",5.94556528626548
23,"Intact","Action",2.84238945702747e-15
23,"Lesion_Kappa","Value",5.84276989449523
23,"Lesion_Kappa","State",3.96990418571586
23,"Lesion_Kappa","Volatility",4.44745131852293
23,"Lesion_Kappa","Action",0.21407775850499
23,"Lesion_Thal","Value",0.0984299322455129
23,"Lesion_Thal","State",0.0433783952727872
23,"Lesion_Thal","Volatility",0.0501043071177687
23,"Lesion_Thal","Action",0.0533215890249123
61,"Intact","Value",4.10262960179335
61,"Intact","State",2.99585211324091
61,"Intact","Volatility",4.27373816580463
61,"Intact","Action",0.316008748725391
61,"Lesion_Kappa","Value",3.82076027366718
61,"Lesion_Kappa","State",1.90923048574321
61,"Lesion_Kappa","Volatility",3.78779866049316
61,"Lesion_Kappa","Action",8.56838983920116e-15
61,"Lesion_Thal","Value",0.0823187169968378
61,"Lesion_Thal","State",0.0360214137746809
61,"Lesion_Thal","Volatility",0.0564874666775689
61,"Lesion_Thal","Action",0.0592320783792285
55,"Intact","Value",0.812183698999189
55,"Intact","State",0.722626939237696
55,"Intact","Volatility",0
55,"Intact","Action",0.149383838703638
55,"Lesion_Kappa","Value",3.94516892784403
55,"Lesion_Kappa","State",1.42034222856106
55,"Lesion_Kappa","Volatility",0.395665905291831
55,"Lesion_Kappa","Action",0.00722238647630163
55,"Lesion_Thal","Value",0.0468223237262472
55,"Lesion_Thal","State",0.0338230159827399
55,"Lesion_Thal","Volatility",0.0340939685701614
55,"Lesion_Thal","Action",0.0188893405827134
40,"Intact","Value",0.0372219344518702
40,"Intact","State",0.0180383313098727
40,"Intact","Volatility",0.042771587366072
40,"Intact","Action",0.00356852420823212
40,"Lesion_Kappa","Value",0.0439984374032497
40,"Lesion_Kappa","State",0.0326142790312288
40,"Lesion_Kappa","Volatility",0.0752185899022745
40,"Lesion_Kappa","Action",0.00496916418641453
40,"Lesion_Thal","Value",0.0257509640330991
40,"Lesion_Thal","State",0.0167641662492538
40,"Lesion_Thal","Volatility",0.0202369720755102
40,"Lesion_Thal","Action",0.00410109945578198
12,"Intact","Value",3.38497931322914
12,"Intact","State",1.41048600989318
12,"Intact","Volatility",3.27269172192798
12,"Intact","Action",6.74457624165582e-16
12,"Lesion_Kappa","Value",3.08061888680045
12,"Lesion_Kappa","State",1.34271524122984
12,"Lesion_Kappa","Volatility",2.63427576656663
12,"Lesion_Kappa","Action",0.00444152400411308
12,"Lesion_Thal","Value",0.296211617159023
12,"Lesion_Thal","State",0
12,"Lesion_Thal","Volatility",0.0250203638589334
12,"Lesion_Thal","Action",0.16004736959979
42,"Intact","Value",2.8908286526485
42,"Intact","State",2.18122491380554
42,"Intact","Volatility",0.0269392028664815
42,"Intact","Action",0.00568565598556187
42,"Lesion_Kappa","Value",3.2125521516872
42,"Lesion_Kappa","State",2.10837442014516
42,"Lesion_Kappa","Volatility",3.44452540797274
42,"Lesion_Kappa","Action",0.569221990903752
42,"Lesion_Thal","Value",0.140179220108052
42,"Lesion_Thal","State",0.051210463263544
42,"Lesion_Thal","Volatility",0.0330173684573017
42,"Lesion_Thal","Action",0.120464772170095
85,"Intact","Value",3.44595839130831
85,"Intact","State",1.98286830686188
85,"Intact","Volatility",2.43268109561923
85,"Intact","Action",0.00469046708043097
85,"Lesion_Kappa","Value",2.34840100805287
85,"Lesion_Kappa","State",0.930069908669224
85,"Lesion_Kappa","Volatility",4.4105005566537
85,"Lesion_Kappa","Action",0.167542328449009
85,"Lesion_Thal","Value",0.0347693252314278
85,"Lesion_Thal","State",0.0771288737770075
85,"Lesion_Thal","Volatility",0.0541860080397314
85,"Lesion_Thal","Action",0.000217875333915773
