"Subject","Ablation_Pct","PR_AUC","Volatility","Efficiency"
52,0,0.52109074259338,0.16892235265899,3.08477622774466
65,0,0.177966101694915,0.141628200454689,1.25656362617009
27,0,0.285714285714286,0.250456531292315,1.14076939208038
74,0,0.435103707052687,0.12319761560625,3.53172561973672
20,0,0.559966187761453,0.234917096975764,2.3836656050352
100,0,0.448459737595248,0.225659258911586,1.98732262277052
50,0,0.6484375,0.220582684093696,2.9396439843872
26,0,0.471074380165289,0.213208819381471,2.20944036035438
71,0,0.675527952594242,0.176980583609616,3.81693924766949
90,0,0.665785198905209,0.255706277907541,2.60370062343687
39,0,0.302325581395349,9.3386239174773,0.0323736721484064
22,0,0.341392633616257,0.249857906239028,1.36634166360139
28,0,0.538353480625911,0.217332835114082,2.47708084819523
3,0,0.399090329000409,0.18200824264108,2.19269265235838
10,0,0.395160741376993,0.174007519023418,2.27092755914906
29,0,0.440049782868765,0.224260203756621,1.96221983783841
38,0,0.272705427734996,0.229900820723021,1.18618211407531
5,0,0.475842629112114,0.249718260606228,1.90551032370086
36,0,0.592838487555868,0.199216463452577,2.97583593968905
77,0,0.222222222222222,0.176425964928623,1.25957062352757
58,0,0.481981202146734,0.360191655792351,1.33812057074421
11,0,0.449867097968486,0.252531008169019,1.78142605062322
89,0,0.683014888718687,0.20366030469665,3.35368021792861
32,0,0.655306692994432,0.218850403790305,2.99429970128189
46,0,0.576777420522142,0.213017826352368,2.7076358949047
17,0,0.789779810155366,0.273034460025172,2.89259061838545
24,0,0.473728172812007,0.221774446914325,2.13607132531229
82,0,0.420189484201182,0.223466018073314,1.8803199139809
9,0,0.30119344170507,0.250450708386065,1.20260086723301
86,0,0.682318702033296,0.282215555786808,2.41771323489871
68,0,0.510967176676216,0.261891419083478,1.95105753142609
96,0,0.647776494661026,0.258843013250205,2.50257476125156
4,0,0.12962962962963,0.425895780169366,0.30436865378057
53,0,0.404818062131163,0.23746974689162,1.70470707415562
95,0,0.382643447283849,0.165009958834217,2.31889718105501
78,0,0.373015873015873,0.189988948893677,1.96334529899064
67,0,0.317829457364341,0.172116385141146,1.84658543995252
7,0,0.290322580645161,0.399933333756823,0.725925623634228
63,0,0.444680979421006,0.295285999624271,1.5059280631617
2,0,0.602306313826479,0.158517045212949,3.79960724987088
44,0,0.582177513039604,0.237547566577686,2.45077257853801
83,0,0.566666666666667,0.252423385227626,2.24489668918345
54,0,0.25,0.328553734500004,0.760908225475585
23,0,0.417310483317222,0.225456374019857,1.85095069580855
61,0,0.36145802943071,0.323466904421801,1.11744635090401
55,0,0.564347618892503,0.210567829670338,2.68010996582939
40,0,0.268937430950078,9.77309318273374,0.0275181458319734
12,0,0.323076923076923,0.191299716037052,1.68884325040554
42,0,0.53151738147689,0.178542498554711,2.97696295737153
85,0,0.5514715580267,0.280876202975133,1.96339023667764
52,90,0.548498838517151,0.102241087716682,5.36470694961815
65,90,0.333118329079397,0.133320809951368,2.49860341080661
27,90,0.285714285714286,0.135840933055064,2.1032848936158
74,90,0.2831659904121,0.175881582966919,1.60997175294702
20,90,0.554180604604119,0.153057448189812,3.62071229101229
100,90,0.107438016528926,0.162382980536025,0.661629405648734
50,90,0.6484375,0.158199817751179,4.09882520973991
26,90,0.471074380165289,0.153129272414443,3.07629819197565
71,90,0.42741935483871,0.164272164998987,2.60188177929942
90,90,0.628022027383522,0.169447045006807,3.70628075029307
39,90,0.305838169548126,9.94373132495679,0.030756878760758
22,90,0.363283984887595,0.138070313868955,2.63113296098849
28,90,0.452435270234372,0.142865795932465,3.16683290390472
3,90,0.247292494582399,0.122795311958619,2.01384301073907
10,90,0.360178964252753,0.177557826429818,2.02850498336176
29,90,0.227642276422764,0.116404148844771,1.95560315571892
38,90,0.109375,0.144103719980516,0.758996651981896
5,90,0.362920003769979,0.170484455626295,2.12874466292012
36,90,0.439041170750579,0.186191363160814,2.35799773576846
77,90,0.331580284752274,0.173550693081499,1.91055632396836
58,90,0.402681477115084,0.150040754451472,2.68379611120399
11,90,0.353444119043253,0.128965491350048,2.74058877886284
89,90,0.469230769230769,0.176078650510397,2.66487789969268
32,90,0.501978233634723,0.141608097229614,3.54481628267698
46,90,0.373015873015873,0.151242998121906,2.46631851609222
17,90,0.336206896551724,0.161938604599496,2.07612521583723
24,90,0.351691691992118,0.136768038016334,2.57142769367229
82,90,0.296349068954456,0.143306091243661,2.06793024952676
9,90,0.202701808633059,0.175433069997894,1.15543012047485
86,90,0.25147668666069,0.161097388063383,1.5610130534748
68,90,0.430930847802843,0.178978184472138,2.40771489195117
96,90,0.410644859302075,0.133099121919533,3.08523278100628
4,90,0.12962962962963,0.179722831452802,0.721271233657582
53,90,0.21781408484221,0.157228543616785,1.3853254282356
95,90,0.0767885395780653,0.170456881546561,0.450483948770009
78,90,0.373015873015873,0.15946679019233,2.33912988049806
67,90,0.317829457364341,0.124078830370365,2.56149171396878
7,90,0.369833434044843,0.162383727877914,2.27751364846882
63,90,0.430216023625893,0.156175675988107,2.75467524778574
2,90,0.546287608744706,0.156208243284849,3.49715290374045
44,90,0.446242624022847,0.15928824785857,2.80146105290833
83,90,0.566666666666667,0.175424105946839,3.23024839351324
54,90,0.566488759700393,0.163227958661234,3.47051628795897
23,90,0.238345621497496,0.15600661019889,1.52778201777231
61,90,0.217702431545131,0.1636229839108,1.33050440614997
55,90,0.541714676109342,0.170638568872834,3.1746134831895
40,90,0.114166360650772,10.3480342456552,0.0110326605911694
12,90,0.323076923076923,0.135135718032187,2.39074122696965
42,90,0.39036211330327,0.159515534772846,2.44715768092099
85,90,0.451778652668431,0.143491377238177,3.14845054046699
52,100,0.683635438384582,6.07350188938783,0.112560321586261
65,100,0.651429682890898,5.82930819266022,0.111750751480317
27,100,0.534759347057135,4.18057062265985,0.127915365487005
74,100,0.664200475540455,4.77340388466715,0.13914605854491
20,100,0.63887290248041,6.44351199376194,0.0991497810431843
100,100,0.555674759889143,4.31807902949554,0.128685609366545
50,100,0.6484375,7.23668488461498,0.0896042070001356
26,100,0.631578863036198,5.67289459254552,0.111332714084519
71,100,0.65148598601871,5.6591381287282,0.115121040709441
90,100,0.664786804053876,5.07672587752753,0.130947915870085
39,100,0.623897801002077,11.0517709028686,0.0564522871522656
22,100,0.139344262295082,1.98748946094842,0.0701106571493117
28,100,0.590267330170041,5.84222585133069,0.101034647436806
3,100,0.700155037779261,5.63448991063549,0.124262342221135
10,100,0.67797486054243,5.48807548629336,0.123535971525851
29,100,0.685517927617778,8.54490563028018,0.0802253268852045
38,100,0.404259935157835,5.48466825054921,0.0737072586678503
5,100,0.615087933154497,5.21839219615802,0.117869219515185
36,100,0.676802930022353,4.31877346183134,0.156711802388347
77,100,0.222222222222222,5.4120930049242,0.0410603034648018
58,100,0.649583569498072,6.76251537771977,0.0960564874398283
11,100,0.768579625278775,4.77386287478073,0.160997390256352
89,100,0.653764672693079,5.57392356857915,0.117289831365574
32,100,0.70777268421708,5.17121746991076,0.136867681830757
46,100,0.736647714358009,6.06706279551271,0.121417499335155
17,100,0.611631432227323,4.98411624989827,0.122716100276294
24,100,0.598603830520412,7.73765553987227,0.0773624194141723
82,100,0.826309095193889,6.42506691747635,0.128607060004192
9,100,0.89816903856632,7.37941133392755,0.121712813693429
86,100,0.513138314297404,3.87264020850169,0.132503448336732
68,100,0.634720481387636,5.0961887391842,0.12454804743774
96,100,0.6799367912822,6.64689937007689,0.102293814172866
4,100,0.67320374692661,5.41910494113168,0.12422782544569
53,100,0.484656672845161,5.41107366666494,0.0895675448411202
95,100,0.471786151015789,5.56470437008944,0.0847818742662752
78,100,0.576879517461599,4.85470309607355,0.118828976194074
67,100,0.723911345704117,4.32168914274266,0.167506536052745
7,100,0.751829122356986,5.30398208305208,0.141748024189466
63,100,0.59407144547929,5.06548089054537,0.117278367254281
2,100,0.750399681720735,7.55384861257742,0.0993400345793612
44,100,0.742900582508163,5.66892781272698,0.131047788224174
83,100,0.805416112237994,7.5208466114748,0.1070911357131
54,100,0.79021299872092,5.10326256581434,0.154844637853782
23,100,0.568789233442666,5.44539779378288,0.104453182399068
61,100,0.603319145753199,5.7412926780227,0.105084181299184
55,100,0.637583738720372,7.14729586989582,0.0892062762085417
40,100,0.17214938211131,11.0176754684279,0.0156248354727622
12,100,0.697586684968407,1.62672636406587,0.428828272258755
42,100,0.889725069191503,4.60643777840724,0.193148137203539
85,100,0.504846386045873,6.19980913852683,0.0814293300545865
