"Subject","Condition","Variable","R2","Volatility","Efficiency"
52,"Intact","Action",0.100900810241743,9.70904777552309,0.0103924506483187
52,"Lesion_90","Action",0.090279971548078,9.98505311372344,0.00904151049356832
52,"Lesion_100","Action",0.00546196117358777,10.7641316921643,0.000507422319084172
65,"Intact","Action",0,10.7683933782571,0
65,"Lesion_90","Action",0,10.5840751166647,0
65,"Lesion_100","Action",0.0160038770786345,11.2526025842055,0.00142223770337897
27,"Intact","Action",0.00688840150183345,10.7037257840602,0.000643551693798048
27,"Lesion_90","Action",0,10.518395918552,0
27,"Lesion_100","Action",0.00752246648537369,11.2538691669591,0.000668433736463332
74,"Intact","Action",0.12418836559134,10.8597457726097,0.0114356594303438
74,"Lesion_90","Action",0.0730167641671217,10.5582154059468,0.006915634360932
74,"Lesion_100","Action",0.0276651481516788,11.2518183753548,0.00245872664933412
20,"Intact","Action",0.0829577782306526,10.7038084606344,0.00775030408900194
20,"Lesion_90","Action",0.0494962071726733,10.6161863317528,0.00466233362561636
20,"Lesion_100","Action",0.04837542931908,11.2574124424057,0.0042972064201581
100,"Intact","Action",0.102056341509647,10.8481926559006,0.00940768064682695
100,"Lesion_90","Action",0.00406001553992508,10.6067504914901,0.000382776530890015
100,"Lesion_100","Action",0.0040275672097424,11.2537384623917,0.000357887013752356
50,"Intact","Action",0.0283022675363011,10.3643666276645,0.00273072787004937
50,"Lesion_90","Action",0.0204258811401767,10.7780206792824,0.00189514196092586
50,"Lesion_100","Action",0.0118502029509039,11.2572364969392,0.0010526741533281
26,"Intact","Action",0,10.2837257451527,0
26,"Lesion_90","Action",0,10.5271472137886,0
26,"Lesion_100","Action",0,11.2536462490278,0
71,"Intact","Action",0.00115384988902523,10.8398378615706,0.000106445299027079
71,"Lesion_90","Action",0.00178425276192362,10.5421019967899,0.000169250173562802
71,"Lesion_100","Action",2.22044604925031e-16,11.257944298111,1.9723368611703e-17
90,"Intact","Action",0.108526110156316,10.8546725914913,0.00999809982691574
90,"Lesion_90","Action",0.0416925771759442,10.5600103746828,0.00394815646467016
90,"Lesion_100","Action",0.0347628222639971,11.2538283592375,0.0030889771965009
39,"Intact","Action",0.00256677551680373,10.7067896504714,0.000239733417846431
39,"Lesion_90","Action",0.00359594804882346,10.6166003937988,0.000338709904934724
39,"Lesion_100","Action",0,11.2604603297478,0
22,"Intact","Action",0.00702909317984357,10.847739753065,0.000647977614864875
22,"Lesion_90","Action",0.101225199543839,10.6024950496958,0.00954729896331756
22,"Lesion_100","Action",0.0723870334859434,11.2548377749379,0.00643163664388813
28,"Intact","Action",0,10.7919601460787,0
28,"Lesion_90","Action",0.101735860156065,10.5233795855376,0.00966760247138473
28,"Lesion_100","Action",0.0754025152491591,11.2493844492554,0.00670281195264313
3,"Intact","Action",1.11022302462516e-16,10.5824127300968,1.04912078939764e-17
3,"Lesion_90","Action",1.11022302462516e-16,10.6167815509023,1.04572455854886e-17
3,"Lesion_100","Action",0.0346534978111092,11.2605695763352,0.00307741935243811
10,"Intact","Action",0.0055717796866066,10.8379296364598,0.000514099958147233
10,"Lesion_90","Action",0.00414389821271266,10.6006931242191,0.000390908195647793
10,"Lesion_100","Action",0.00479552243491332,11.2551129810425,0.000426074977382784
29,"Intact","Action",0.0717589691341994,10.8551435885829,0.00661059542308385
29,"Lesion_90","Action",0.0104255110627475,10.5233936928744,0.000990698473925601
29,"Lesion_100","Action",0.0126067433885557,11.2527897602671,0.00112032149687429
38,"Intact","Action",0.0575611100627753,10.7169279672922,0.0053710452162602
38,"Lesion_90","Action",2.22044604925031e-16,10.617676798151,2.09127277307002e-17
38,"Lesion_100","Action",0.00183442766461572,11.2585809622491,0.000162935942622854
5,"Intact","Action",0,10.6459533461963,0
5,"Lesion_90","Action",0.019382401576004,10.7654247137423,0.00180043057203599
5,"Lesion_100","Action",0,11.2531473813153,0
36,"Intact","Action",1.11022302462516e-16,10.5159311728808,1.05575331446914e-17
36,"Lesion_90","Action",0.204998437521738,10.5313271911767,0.0194655824792819
36,"Lesion_100","Action",0.0626254154304289,11.2491779627346,0.0055671098875651
77,"Intact","Action",0.00238644632641938,10.3830461907452,0.000229840651070767
77,"Lesion_90","Action",0.0038875741194685,10.7034536207334,0.000363207418279513
77,"Lesion_100","Action",0.00506879932313653,11.2509325187341,0.000450522555723611
58,"Intact","Action",0,10.4110380804168,0
58,"Lesion_90","Action",0,10.6580531534266,0
58,"Lesion_100","Action",0,11.2533310236334,0
11,"Intact","Action",1.11022302462516e-16,10.3716988554655,1.07043497218068e-17
11,"Lesion_90","Action",1.11022302462516e-16,10.6882676886824,1.03873045949972e-17
11,"Lesion_100","Action",1.11022302462516e-16,11.2501658291107,9.86850276524228e-18
89,"Intact","Action",0,10.3560200056747,0
89,"Lesion_90","Action",0,10.6642299325475,0
89,"Lesion_100","Action",0,11.2545340328029,0
32,"Intact","Action",0.204770927424027,10.4509898006448,0.0195934463372978
32,"Lesion_90","Action",0.00224722658880538,10.7010391166309,0.000210000762945734
32,"Lesion_100","Action",0,11.254541866008,0
46,"Intact","Action",0,10.3528465881191,0
46,"Lesion_90","Action",0,10.7008234246307,0
46,"Lesion_100","Action",0,11.2516130744929,0
17,"Intact","Action",0,10.5352662519522,0
17,"Lesion_90","Action",0,10.6968858426877,0
17,"Lesion_100","Action",0,11.2480149840608,0
24,"Intact","Action",0,10.3871764113271,0
24,"Lesion_90","Action",0.0607677191051613,10.6198168811583,0.005722105575179
24,"Lesion_100","Action",0,11.2506787691928,0
82,"Intact","Action",0,10.3665211452522,0
82,"Lesion_90","Action",0.00124884977803741,10.7095151728983,0.00011661122294187
82,"Lesion_100","Action",0,11.2471251583025,0
9,"Intact","Action",0.0946007653997935,10.4133151869374,0.00908459550267587
9,"Lesion_90","Action",0.121848274225696,10.6135226044834,0.011480473287328
9,"Lesion_100","Action",0.100677537204715,11.2470500304818,0.00895146087021912
86,"Intact","Action",0,10.7171398616184,0
86,"Lesion_90","Action",0,10.7023869626561,0
86,"Lesion_100","Action",0,11.2523853554724,0
68,"Intact","Action",0.059352176249441,10.8677114009547,0.00546133114860744
68,"Lesion_90","Action",0.0935294446324938,10.4822389406341,0.00892265824501208
68,"Lesion_100","Action",0,11.252460214424,0
96,"Intact","Action",0.0109227379866639,10.7074567809486,0.00102010563199215
96,"Lesion_90","Action",0,10.6159253204485,0
96,"Lesion_100","Action",0.00343554546297764,11.258137053726,0.00030516107073679
4,"Intact","Action",0.00155410648756926,10.836279034867,0.000143416973589529
4,"Lesion_90","Action",1.11022302462516e-16,10.5906126599293,1.04830849304399e-17
4,"Lesion_100","Action",1.11022302462516e-16,11.2460061979054,9.87215289024477e-18
53,"Intact","Action",0.00557296304347488,10.7035014848653,0.000520667234987333
53,"Lesion_90","Action",0.0603216479873406,10.5226747638988,0.00573253888467156
53,"Lesion_100","Action",0,11.2536640745632,0
95,"Intact","Action",0.00106948600906021,10.7020550614414,9.99327608564374e-05
95,"Lesion_90","Action",2.22044604925031e-16,10.616198404546,2.09156400010676e-17
95,"Lesion_100","Action",2.22044604925031e-16,11.2578550519992,1.97235249677579e-17
78,"Intact","Action",0,10.861065000631,0
78,"Lesion_90","Action",0,10.609804651475,0
78,"Lesion_100","Action",0,11.2569969503594,0
67,"Intact","Action",0.101953879578135,10.8281728014559,0.00941561166707788
67,"Lesion_90","Action",0,10.5244400269209,0
67,"Lesion_100","Action",0,11.2564481711437,0
7,"Intact","Action",0,10.5591314234737,0
7,"Lesion_90","Action",0.070578511246403,10.6174354785345,0.00664741544619483
7,"Lesion_100","Action",0.00656359021255337,11.2572080941983,0.000583056613555848
63,"Intact","Action",0.00149165337683765,10.7071841860784,0.000139313306991002
63,"Lesion_90","Action",0.0519880595036786,10.7620729060486,0.00483067296856788
63,"Lesion_100","Action",0.00159512585601906,11.2544802444418,0.000141732508267037
2,"Intact","Action",0,10.3475728713197,0
2,"Lesion_90","Action",0,10.5294649833047,0
2,"Lesion_100","Action",0,11.2508777119749,0
44,"Intact","Action",0.0525326910074776,10.3353155594621,0.00508283328384201
44,"Lesion_90","Action",3.33066907387547e-16,10.6412995462581,3.12994549810612e-17
44,"Lesion_100","Action",3.33066907387547e-16,11.2516144492636,2.96016966531988e-17
83,"Intact","Action",0,10.6955184021266,0
83,"Lesion_90","Action",0.00233490238279432,10.5170066351582,0.00022201204599194
83,"Lesion_100","Action",0,11.2530905482425,0
54,"Intact","Action",0.0241977661907893,10.6548214196071,0.00227106236386075
54,"Lesion_90","Action",0.0453071865870743,10.5621114485805,0.00428959517403769
54,"Lesion_100","Action",0.010833996301746,11.254691788397,0.000962620349168062
23,"Intact","Action",0.00372931186715553,10.8582328155589,0.000343454739555502
23,"Lesion_90","Action",0,10.5585355340834,0
23,"Lesion_100","Action",0.00386746064917232,11.2494573197202,0.000343790833234406
61,"Intact","Action",0,10.7135761344823,0
61,"Lesion_90","Action",0,10.5670618911225,0
61,"Lesion_100","Action",0,11.2556818704151,0
55,"Intact","Action",0.0618956354647974,10.707709724429,0.00578047325499617
55,"Lesion_90","Action",0.0287935418893247,10.6163979102181,0.00271217595842329
55,"Lesion_100","Action",0.0280898443290803,11.2591370317314,0.00249484856211154
40,"Intact","Action",0.0414232836568995,10.8638969836019,0.00381293010293584
40,"Lesion_90","Action",0.0218712080153589,10.609305305211,0.00206151159992585
40,"Lesion_100","Action",0.0277862700601577,11.2575510271888,0.0024682337681451
12,"Intact","Action",0,10.8601073215213,0
12,"Lesion_90","Action",0,10.5244028188384,0
12,"Lesion_100","Action",0,11.2559737724252,0
42,"Intact","Action",0.0520560207120752,10.8512549628,0.00479723461418035
42,"Lesion_90","Action",0.0967827908650488,10.5567445250505,0.00916786244732237
42,"Lesion_100","Action",0.037466998897799,11.2496096990818,0.00333051515292498
85,"Intact","Action",0.0196360175329675,10.8383956964312,0.00181170869483243
85,"Lesion_90","Action",0.0319229574897691,10.5545865220448,0.00302455756069041
85,"Lesion_100","Action",0.0390176657783678,11.2502135766081,0.0034681708080035
